,AFIID,LOCID,LOGDATE,LOGTIME,MATRIX,SBD,SED,SACODE,SAMPNO,LOGCODE,SMCODE,FLDSAMPID,COCID,COOLER,ABLOT,EBLOT,TBLOT,REMARKS,SDG,LABCODE,ANMCODE,EXMCODE,LCHMETH,RUN_NUMBER,LABSAMPID,EXTDATE,EXTTIME,LCHDATE,LCHTIME,LCHLOT,ANADATE,ANATIME,ANALOT,LABLOTCTL,CALREFID,RTTYPE,BASIS,PARLABEL,PRCCODE,PARVQ,PARVAL,PARUN,PRECISION_,EXPECTED,EVPREC,MDL,RL,UNITS,VQ_1C,VAL_1C,FCVALPREC,VQ_CONFIRM,VAL_CONFIRM,CNFVALPREC,DILUTION,PRIME_DQT,PRIME_FLAG,LAB_DQT,LAB_QC_FLAG,BEST_RESULT,REASON_CODE,PERCENT_RECOVERY,RPD,UPPER_RPD,UPPER_ACCURACY,LOWER_ACCURACY,SPIKE_ADDED,SPIKE_ADDED_PREC,VALCODE,TIC_NAME,RETENTION_TIME,LOD
0,SLDA,Lab,27-Feb-2025,1425,AQ,,,QC,,,,25SL0001CL1BLK,P1067230,,,,,,25SL0001,SLDA,C925.1,SL050,,1,25SL0001CL1BLK,09-May-2025,1339,,,,07-Mar-2025,0900,25SL0001CL1,25SL0001CL1,,,,CHLORIDE,ORG,=,0.504,,3,,,2.672331,,mg/L,,,,,,,1.0,,,,,Y,,,,,6.000,-6.000,,,,,,6.000
2,SLDA,A-WWTP,27-Feb-2025,1425,AQ,,,NO,,,,25WW00001,P1067230,,,,,,25SL0001,SLDA,C925.1,SL050,,1,25WW00001,09-May-2025,1339,,,,07-Mar-2025,0903,25SL0001CL1,25SL0001CL1,,,,CHLORIDE,ORG,=,79.215,,3,,,2.672331,,mg/L,,,,,,,1.0,,,,J,Y,,,,,,,,,,,,6.000
3,SLDA,Lab,27-Feb-2025,1425,AQ,,,QC,,,,25WW00001DUP,P1067230,,,,,,25SL0001,SLDA,C925.1,SL050,,1,25WW00001DUP,09-May-2025,1339,,,,07-Mar-2025,0903,25SL0001CL1,25SL0001CL1,,,,CHLORIDE,ORG,=,80.428,,3,,,2.672331,,mg/L,,,,,,,1.0,,,,J,Y,,,1.52,20.0,,,,,,,,6.000
1,SLDA,Lab,27-Feb-2025,1425,AQ,,,QC,,,,25SL0001CL1LCS,P1067230,,,,,,25SL0001,SLDA,C925.1,SL050,,1,25SL0001CL1LCS,09-May-2025,1339,,,,07-Mar-2025,0902,25SL0001CL1,25SL0001CL1,,,,CHLORIDE,ORG,=,150.134,,3,7499.95,3,2.672331,,mg/L,,,,,,,1.0,,,,,Y,,100.0893,,,120.00,80.00,,,,,,6.00
4,SLDA,Lab,27-Feb-2025,1425,AQ,,,QC,,,,25SL0001FLUOR1BLK,P1067230,,,,,,25SL0001,SLDA,SM4500-F-C,SL040,,1,25SL0001FLUOR1BLK,09-May-2025,1329,,,,06-Mar-2025,1218,25SL0001FLUOR1,25SL0001FLUOR1,,,,FLUORIDE,ORG,=,0.019,,3,,,0.025386,,mg/L,,,,,,,1.0,,,,B,Y,,,,,0.200,-0.200,,,,,,0.200
6,SLDA,A-WWTP,27-Feb-2025,1425,AQ,,,NO,,,,25WW00001,P1067230,,,,,,25SL0001,SLDA,SM4500-F-C,SL040,,1,25WW00001,09-May-2025,1329,,,,06-Mar-2025,1225,25SL0001FLUOR1,25SL0001FLUOR1,,,,FLUORIDE,ORG,=,0.126,,3,,,0.025386,,mg/L,,,,,,,1.0,,,,B,Y,,,,,,,,,,,,0.200
7,SLDA,Lab,27-Feb-2025,1425,AQ,,,QC,,,,25WW00001DUP,P1067230,,,,,,25SL0001,SLDA,SM4500-F-C,SL040,,1,25WW00001DUP,09-May-2025,1329,,,,06-Mar-2025,1230,25SL0001FLUOR1,25SL0001FLUOR1,,,,FLUORIDE,ORG,=,0.119,,3,,,0.025386,,mg/L,,,,,,,1.0,,,,B,Y,,,,20.0,,,,,,,,0.200
5,SLDA,Lab,27-Feb-2025,1425,AQ,,,QC,,,,25SL0001FLUOR1LCS,P1067230,,,,,,25SL0001,SLDA,SM4500-F-C,SL040,,1,25SL0001FLUOR1LCS,09-May-2025,1329,,,,06-Mar-2025,1224,25SL0001FLUOR1,25SL0001FLUOR1,,,,FLUORIDE,ORG,=,1.960,,3,60.0,3,0.025386,,mg/L,,,,,,,1.0,,,,,Y,,98.0,,,120.00,80.00,,,,,,0.20
8,SLDA,Lab,27-Feb-2025,1425,AQ,,,QC,,,,25SL0001GAMMA1BLK,P1067230,,,,,,25SL0001,SLDA,GA01R,SL003,,1,25SL0001GAMMA1BLK,09-May-2025,1207,,,,12-Mar-2025,1700,25SL0001GAMMA1,25SL0001GAMMA1,,,,AC-227,RN,=,-42.40,82.8,2,,,,,pCi/L,,,,,,,1.0,,,,,Y,,,,,149.00,-145.00,,,,,,
9,SLDA,Lab,27-Feb-2025,1425,AQ,,,QC,,,,25SL0001GAMMA1BLK,P1067230,,,,,,25SL0001,SLDA,GA01R,SL003,,1,25SL0001GAMMA1BLK,09-May-2025,1207,,,,12-Mar-2025,1700,25SL0001GAMMA1,25SL0001GAMMA1,,,,AC-228,RN,=,12.30,22.0,2,,,,,pCi/L,,,,,,,1.0,,,,,Y,,,,,47.60,-39.40,,,,,,
10,SLDA,Lab,27-Feb-2025,1425,AQ,,,QC,,,,25SL0001GAMMA1BLK,P1067230,,,,,,25SL0001,SLDA,GA01R,SL003,,1,25SL0001GAMMA1BLK,09-May-2025,1207,,,,12-Mar-2025,1700,25SL0001GAMMA1,25SL0001GAMMA1,,,,AM-241,RN,=,7.51,12.0,2,,,,,pCi/L,,,,,,,1.0,,,,,Y,,,,,15.00,-19.00,,,,,,
11,SLDA,Lab,27-Feb-2025,1425,AQ,,,QC,,,,25SL0001GAMMA1BLK,P1067230,,,,,,25SL0001,SLDA,GA01R,SL003,,1,25SL0001GAMMA1BLK,09-May-2025,1207,,,,12-Mar-2025,1700,25SL0001GAMMA1,25SL0001GAMMA1,,,,CS-137,RN,=,4.55,6.98,2,,,,,pCi/L,,,,,,,1.0,,,,,Y,,,,,8.78,-10.20,,,,,,
12,SLDA,Lab,27-Feb-2025,1425,AQ,,,QC,,,,25SL0001GAMMA1BLK,P1067230,,,,,,25SL0001,SLDA,GA01R,SL003,,1,25SL0001GAMMA1BLK,09-May-2025,1207,,,,12-Mar-2025,1700,25SL0001GAMMA1,25SL0001GAMMA1,,,,K-40,RN,=,6.44,71.0,2,,,,,pCi/L,,,,,,,1.0,,,,,Y,,,,,151.00,-109.00,,,,,,
13,SLDA,Lab,27-Feb-2025,1425,AQ,,,QC,,,,25SL0001GAMMA1BLK,P1067230,,,,,,25SL0001,SLDA,GA01R,SL003,,1,25SL0001GAMMA1BLK,09-May-2025,1207,,,,12-Mar-2025,1700,25SL0001GAMMA1,25SL0001GAMMA1,,,,PA-231,RN,=,-140.00,367.0,2,,,,,pCi/L,,,,,,,1.0,,,,,Y,,,,,634.00,-675.00,,,,,,
14,SLDA,Lab,27-Feb-2025,1425,AQ,,,QC,,,,25SL0001GAMMA1BLK,P1067230,,,,,,25SL0001,SLDA,GA01R,SL003,,1,25SL0001GAMMA1BLK,09-May-2025,1207,,,,12-Mar-2025,1700,25SL0001GAMMA1,25SL0001GAMMA1,,,,PB-210,RN,=,50.20,113.0,2,,,,,pCi/L,,,,,,,1.0,,,,B,Y,,,,,,,,,,,,
15,SLDA,Lab,27-Feb-2025,1425,AQ,,,QC,,,,25SL0001GAMMA1BLK,P1067230,,,,,,25SL0001,SLDA,GA01R,SL003,,1,25SL0001GAMMA1BLK,09-May-2025,1207,,,,12-Mar-2025,1700,25SL0001GAMMA1,25SL0001GAMMA1,,,,RA-226,RN,=,-2.85,14.2,2,,,,,pCi/L,,,,,,,1.0,,,,,Y,,,,,36.60,-22.30,,,,,,
16,SLDA,Lab,27-Feb-2025,1425,AQ,,,QC,,,,25SL0001GAMMA1BLK,P1067230,,,,,,25SL0001,SLDA,GA01R,SL003,,1,25SL0001GAMMA1BLK,09-May-2025,1207,,,,12-Mar-2025,1700,25SL0001GAMMA1,25SL0001GAMMA1,,,,TH-230,RN,=,724.00,1100.0,2,,,,,pCi/L,,,,,,,1.0,,,,,Y,,,,,1880.00,-1720.00,,,,,,
17,SLDA,Lab,27-Feb-2025,1425,AQ,,,QC,,,,25SL0001GAMMA1BLK,P1067230,,,,,,25SL0001,SLDA,GA01R,SL003,,1,25SL0001GAMMA1BLK,09-May-2025,1207,,,,12-Mar-2025,1700,25SL0001GAMMA1,25SL0001GAMMA1,,,,U-235,RN,=,-1.19,45.9,2,,,,,pCi/L,,,,,,,1.0,,,,,Y,,,,,78.20,-88.20,,,,,,
18,SLDA,Lab,27-Feb-2025,1425,AQ,,,QC,,,,25SL0001GAMMA1BLK,P1067230,,,,,,25SL0001,SLDA,GA01R,SL003,,1,25SL0001GAMMA1BLK,09-May-2025,1207,,,,12-Mar-2025,1700,25SL0001GAMMA1,25SL0001GAMMA1,,,,U-238,RN,=,66.10,122.0,2,,,,,pCi/L,,,,,,,1.0,,,,,Y,,,,,201.00,-228.00,,,,,,
22,SLDA,A-WWTP,27-Feb-2025,1425,AQ,,,NO,,,,25WW00001,P1067230,,,,,,25SL0001,SLDA,GA01R,SL003,,1,25WW00001,09-May-2025,1207,,,,12-Mar-2025,0527,25SL0001GAMMA1,25SL0001GAMMA1,,,,AC-227,RN,ND,2.48,25.2,2,,,,,pCi/L,,,,,,,1.0,,,,U,Y,,,,,,,,,,,,
23,SLDA,A-WWTP,27-Feb-2025,1425,AQ,,,NO,,,,25WW00001,P1067230,,,,,,25SL0001,SLDA,GA01R,SL003,,1,25WW00001,09-May-2025,1207,,,,12-Mar-2025,0527,25SL0001GAMMA1,25SL0001GAMMA1,,,,AC-228,RN,ND,-0.52,6.54,2,,,,,pCi/L,,,,,,,1.0,,,,U,Y,,,,,,,,,,,,
24,SLDA,A-WWTP,27-Feb-2025,1425,AQ,,,NO,,,,25WW00001,P1067230,,,,,,25SL0001,SLDA,GA01R,SL003,,1,25WW00001,09-May-2025,1207,,,,12-Mar-2025,0527,25SL0001GAMMA1,25SL0001GAMMA1,,,,AM-241,RN,ND,0.68,3.26,2,,,,,pCi/L,,,,,,,1.0,,,,U,Y,,,,,,,,,,,,
25,SLDA,A-WWTP,27-Feb-2025,1425,AQ,,,NO,,,,25WW00001,P1067230,,,,,,25SL0001,SLDA,GA01R,SL003,,1,25WW00001,09-May-2025,1207,,,,12-Mar-2025,0527,25SL0001GAMMA1,25SL0001GAMMA1,,,,CS-137,RN,ND,-0.34,1.9,2,,,,,pCi/L,,,,,,,1.0,,,,U,Y,,,,,,,,,,,,
26,SLDA,A-WWTP,27-Feb-2025,1425,AQ,,,NO,,,,25WW00001,P1067230,,,,,,25SL0001,SLDA,GA01R,SL003,,1,25WW00001,09-May-2025,1207,,,,12-Mar-2025,0527,25SL0001GAMMA1,25SL0001GAMMA1,,,,K-40,RN,=,19.40,16.0,2,,,,,pCi/L,,,,,,,1.0,,,,,Y,,,,,,,,,,,,
27,SLDA,A-WWTP,27-Feb-2025,1425,AQ,,,NO,,,,25WW00001,P1067230,,,,,,25SL0001,SLDA,GA01R,SL003,,1,25WW00001,09-May-2025,1207,,,,12-Mar-2025,0527,25SL0001GAMMA1,25SL0001GAMMA1,,,,PA-231,RN,ND,-36.70,107.0,2,,,,,pCi/L,,,,,,,1.0,,,,U,Y,,,,,,,,,,,,
28,SLDA,A-WWTP,27-Feb-2025,1425,AQ,,,NO,,,,25WW00001,P1067230,,,,,,25SL0001,SLDA,GA01R,SL003,,1,25WW00001,09-May-2025,1207,,,,12-Mar-2025,0527,25SL0001GAMMA1,25SL0001GAMMA1,,,,PB-210,RN,=,45.80,30.6,2,,,,,pCi/L,,,,,,,1.0,,,,B,Y,,,,,,,,,,,,
29,SLDA,A-WWTP,27-Feb-2025,1425,AQ,,,NO,,,,25WW00001,P1067230,,,,,,25SL0001,SLDA,GA01R,SL003,,1,25WW00001,09-May-2025,1207,,,,12-Mar-2025,0527,25SL0001GAMMA1,25SL0001GAMMA1,,,,RA-226,RN,=,3.85,2.91,2,,,,,pCi/L,,,,,,,1.0,,,,,Y,,,,,,,,,,,,
30,SLDA,A-WWTP,27-Feb-2025,1425,AQ,,,NO,,,,25WW00001,P1067230,,,,,,25SL0001,SLDA,GA01R,SL003,,1,25WW00001,09-May-2025,1207,,,,12-Mar-2025,0527,25SL0001GAMMA1,25SL0001GAMMA1,,,,TH-230,RN,=,331.00,270.0,2,,,,,pCi/L,,,,,,,1.0,,,,,Y,,,,,,,,,,,,
31,SLDA,A-WWTP,27-Feb-2025,1425,AQ,,,NO,,,,25WW00001,P1067230,,,,,,25SL0001,SLDA,GA01R,SL003,,1,25WW00001,09-May-2025,1207,,,,12-Mar-2025,0527,25SL0001GAMMA1,25SL0001GAMMA1,,,,U-235,RN,ND,0.53,4.72,2,,,,,pCi/L,,,,,,,1.0,,,,U,Y,,,,,,,,,,,,
32,SLDA,A-WWTP,27-Feb-2025,1425,AQ,,,NO,,,,25WW00001,P1067230,,,,,,25SL0001,SLDA,GA01R,SL003,,1,25WW00001,09-May-2025,1207,,,,12-Mar-2025,0527,25SL0001GAMMA1,25SL0001GAMMA1,,,,U-238,RN,ND,4.32,33.1,2,,,,,pCi/L,,,,,,,1.0,,,,U,Y,,,,,,,,,,,,
33,SLDA,Lab,27-Feb-2025,1425,AQ,,,QC,,,,25WW00001DUP,P1067230,,,,,,25SL0001,SLDA,GA01R,SL003,,1,25WW00001DUP,09-May-2025,1207,,,,12-Mar-2025,1545,25SL0001GAMMA1,25SL0001GAMMA1,,,,AC-227,RN,=,89.00,88.2,2,,,,,pCi/L,,,,,,,1.0,,,,,Y,,,0.94,3.0,,,,,,,,
34,SLDA,Lab,27-Feb-2025,1425,AQ,,,QC,,,,25WW00001DUP,P1067230,,,,,,25SL0001,SLDA,GA01R,SL003,,1,25WW00001DUP,09-May-2025,1207,,,,12-Mar-2025,1545,25SL0001GAMMA1,25SL0001GAMMA1,,,,AC-228,RN,ND,15.00,26.4,2,,,,,pCi/L,,,,,,,1.0,,,,U,Y,,,0.57,3.0,,,,,,,,
35,SLDA,Lab,27-Feb-2025,1425,AQ,,,QC,,,,25WW00001DUP,P1067230,,,,,,25SL0001,SLDA,GA01R,SL003,,1,25WW00001DUP,09-May-2025,1207,,,,12-Mar-2025,1545,25SL0001GAMMA1,25SL0001GAMMA1,,,,AM-241,RN,ND,-4.58,11.7,2,,,,,pCi/L,,,,,,,1.0,,,,U,Y,,,0.43,3.0,,,,,,,,
36,SLDA,Lab,27-Feb-2025,1425,AQ,,,QC,,,,25WW00001DUP,P1067230,,,,,,25SL0001,SLDA,GA01R,SL003,,1,25WW00001DUP,09-May-2025,1207,,,,12-Mar-2025,1545,25SL0001GAMMA1,25SL0001GAMMA1,,,,CS-137,RN,ND,-2.00,6.95,2,,,,,pCi/L,,,,,,,1.0,,,,U,Y,,,0.23,3.0,,,,,,,,
37,SLDA,Lab,27-Feb-2025,1425,AQ,,,QC,,,,25WW00001DUP,P1067230,,,,,,25SL0001,SLDA,GA01R,SL003,,1,25WW00001DUP,09-May-2025,1207,,,,12-Mar-2025,1545,25SL0001GAMMA1,25SL0001GAMMA1,,,,K-40,RN,ND,22.70,82.3,2,,,,,pCi/L,,,,,,,1.0,,,,U,Y,,,0.04,3.0,,,,,,,,
38,SLDA,Lab,27-Feb-2025,1425,AQ,,,QC,,,,25WW00001DUP,P1067230,,,,,,25SL0001,SLDA,GA01R,SL003,,1,25WW00001DUP,09-May-2025,1207,,,,12-Mar-2025,1545,25SL0001GAMMA1,25SL0001GAMMA1,,,,PA-231,RN,ND,-151.00,362.0,2,,,,,pCi/L,,,,,,,1.0,,,,U,Y,,,0.30,3.0,,,,,,,,
39,SLDA,Lab,27-Feb-2025,1425,AQ,,,QC,,,,25WW00001DUP,P1067230,,,,,,25SL0001,SLDA,GA01R,SL003,,1,25WW00001DUP,09-May-2025,1207,,,,12-Mar-2025,1545,25SL0001GAMMA1,25SL0001GAMMA1,,,,PB-210,RN,ND,64.80,108.0,2,,,,,pCi/L,,,,,,,1.0,,,,BU,Y,,,0.17,3.0,,,,,,,,
40,SLDA,Lab,27-Feb-2025,1425,AQ,,,QC,,,,25WW00001DUP,P1067230,,,,,,25SL0001,SLDA,GA01R,SL003,,1,25WW00001DUP,09-May-2025,1207,,,,12-Mar-2025,1545,25SL0001GAMMA1,25SL0001GAMMA1,,,,RA-226,RN,ND,9.45,16.5,2,,,,,pCi/L,,,,,,,1.0,,,,U,Y,,,0.33,3.0,,,,,,,,
41,SLDA,Lab,27-Feb-2025,1425,AQ,,,QC,,,,25WW00001DUP,P1067230,,,,,,25SL0001,SLDA,GA01R,SL003,,1,25WW00001DUP,09-May-2025,1207,,,,12-Mar-2025,1545,25SL0001GAMMA1,25SL0001GAMMA1,,,,TH-230,RN,ND,307.00,1150.0,2,,,,,pCi/L,,,,,,,1.0,,,,U,Y,,,0.02,3.0,,,,,,,,
42,SLDA,Lab,27-Feb-2025,1425,AQ,,,QC,,,,25WW00001DUP,P1067230,,,,,,25SL0001,SLDA,GA01R,SL003,,1,25WW00001DUP,09-May-2025,1207,,,,12-Mar-2025,1545,25SL0001GAMMA1,25SL0001GAMMA1,,,,U-235,RN,ND,-33.80,50.7,2,,,,,pCi/L,,,,,,,1.0,,,,U,Y,,,0.67,3.0,,,,,,,,
43,SLDA,Lab,27-Feb-2025,1425,AQ,,,QC,,,,25WW00001DUP,P1067230,,,,,,25SL0001,SLDA,GA01R,SL003,,1,25WW00001DUP,09-May-2025,1207,,,,12-Mar-2025,1545,25SL0001GAMMA1,25SL0001GAMMA1,,,,U-238,RN,=,114.00,121.0,2,,,,,pCi/L,,,,,,,1.0,,,,,Y,,,0.87,3.0,,,,,,,,
19,SLDA,Lab,27-Feb-2025,1425,AQ,,,QC,,,,25SL0001GAMMA1LCS,P1067230,,,,,,25SL0001,SLDA,GA01R,SL003,,1,25SL0001GAMMA1LCS,09-May-2025,1207,,,,12-Mar-2025,1825,25SL0001GAMMA1,25SL0001GAMMA1,,,,AM-241,RN,=,186000.00,5440.0,2,98726.11,2,,,pCi/L,,,,,,,1.0,,,,,Y,,94.2,,,125.00,75.00,,,,,,
20,SLDA,Lab,27-Feb-2025,1425,AQ,,,QC,,,,25SL0001GAMMA1LCS,P1067230,,,,,,25SL0001,SLDA,GA01R,SL003,,1,25SL0001GAMMA1LCS,09-May-2025,1207,,,,12-Mar-2025,1825,25SL0001GAMMA1,25SL0001GAMMA1,,,,CO-60,RN,=,123000.00,2260.0,2,62922.04,2,,,pCi/L,,,,,,,1.0,,,,,Y,,97.74,,,125.00,75.00,,,,,,
21,SLDA,Lab,27-Feb-2025,1425,AQ,,,QC,,,,25SL0001GAMMA1LCS,P1067230,,,,,,25SL0001,SLDA,GA01R,SL003,,1,25SL0001GAMMA1LCS,09-May-2025,1207,,,,12-Mar-2025,1825,25SL0001GAMMA1,25SL0001GAMMA1,,,,CS-137,RN,=,78300.00,2070.0,2,39593.45,2,,,pCi/L,,,,,,,1.0,,,,,Y,,98.88,,,125.00,75.00,,,,,,
44,SLDA,Lab,27-Feb-2025,1425,AQ,,,QC,,,,25SL0001ISOAM1BLK,P1067230,,,,,,25SL0001,SLDA,A01R-AM,SL005,,1,25SL0001ISOAM1BLK,09-May-2025,0901,,,,30-Apr-2025,1456,25SL0001ISOAM1,25SL0001ISOAM1,,,,AM-241,RN,=,2.504,1.35,3,,,,,pCi/L,,,,,,,1.0,,,,B,Y,,,,,0.500,-0.500,,,,,,
48,SLDA,A-WWTP,27-Feb-2025,1425,AQ,,,NO,,,,25WW00001,P1067230,,,,,,25SL0001,SLDA,A01R-AM,SL005,,1,25WW00001,09-May-2025,0901,,,,30-Apr-2025,1456,25SL0001ISOAM1,25SL0001ISOAM1,,,,AM-241,RN,=,1.966,1.13186,3,,,,,pCi/L,,,,,,,1.0,,,,B,Y,,,,,,,,,,,,
50,SLDA,Lab,27-Feb-2025,1425,AQ,,,QC,,,,25WW00001DUP,P1067230,,,,,,25SL0001,SLDA,A01R-AM,SL005,,1,25WW00001DUP,09-May-2025,0901,,,,30-Apr-2025,1456,25SL0001ISOAM1,25SL0001ISOAM1,,,,AM-241,RN,=,2.352,1.22353,3,,,,,pCi/L,,,,,,,1.0,,,,B,Y,,,0.23,3.0,,,,,,,,
46,SLDA,Lab,27-Feb-2025,1425,AQ,,,QC,,,,25SL0001ISOAM1LCS,P1067230,,,,,,25SL0001,SLDA,A01R-AM,SL005,,1,25SL0001ISOAM1LCS,09-May-2025,0901,,,,30-Apr-2025,1456,25SL0001ISOAM1,25SL0001ISOAM1,,,,AM-241,RN,=,12.889,1.68145,3,3.36,3,,,pCi/L,,,,,,,1.0,,,,,Y,,96.78,,,125.00,75.00,,,,,,
45,SLDA,Lab,27-Feb-2025,1425,AQ,,,QC,,,,25SL0001ISOAM1BLK,P1067230,,,,,,25SL0001,SLDA,A01R-AM,SL005,,1,25SL0001ISOAM1BLK,09-May-2025,0901,,,,30-Apr-2025,1456,25SL0001ISOAM1,25SL0001ISOAM1,,,,AM-243,RN,=,80.334,7.62671,3,,,,,pCi/L,,,,,,,1.0,,,,,Y,,,,,,,,,,,,
47,SLDA,Lab,27-Feb-2025,1425,AQ,,,QC,,,,25SL0001ISOAM1LCS,P1067230,,,,,,25SL0001,SLDA,A01R-AM,SL005,,1,25SL0001ISOAM1LCS,09-May-2025,0901,,,,30-Apr-2025,1456,25SL0001ISOAM1,25SL0001ISOAM1,,,,AM-243,RN,=,15.984,1.46006,3,,,,,pCi/L,,,,,,,1.0,,,,,Y,,,,,,,,,,,,
49,SLDA,A-WWTP,27-Feb-2025,1425,AQ,,,QC,,,,25WW00001,P1067230,,,,,,25SL0001,SLDA,A01R-AM,SL005,,1,25WW00001,09-May-2025,0901,,,,30-Apr-2025,1456,25SL0001ISOAM1,25SL0001ISOAM1,,,,AM-243,RN,=,81.101,7.29788,3,,,,,pCi/L,,,,,,,1.0,,,,,Y,,,,,,,,,,,,
51,SLDA,Lab,27-Feb-2025,1425,AQ,,,QC,,,,25WW00001DUP,P1067230,,,,,,25SL0001,SLDA,A01R-AM,SL005,,1,25WW00001DUP,09-May-2025,0901,,,,30-Apr-2025,1456,25SL0001ISOAM1,25SL0001ISOAM1,,,,AM-243,RN,=,80.814,7.19641,3,,,,,pCi/L,,,,,,,1.0,,,,,Y,,,,,,,,,,,,
52,SLDA,Lab,27-Feb-2025,1425,AQ,,,QC,,,,25SL0001ISOPU1BLK,P1067230,,,,,,25SL0001,SLDA,A01R-PU,SL005,,1,25SL0001ISOPU1BLK,09-May-2025,1051,,,,30-Apr-2025,1400,25SL0001ISOPU1,25SL0001ISOPU1,,,,PU-238,RN,=,4.379,1.78683,3,,,,,pCi/L,,,,,,,1.0,,,,B,Y,,,,,0.500,-0.500,,,,,,
53,SLDA,Lab,27-Feb-2025,1425,AQ,,,QC,,,,25SL0001ISOPU1BLK,P1067230,,,,,,25SL0001,SLDA,A01R-PU,SL005,,1,25SL0001ISOPU1BLK,09-May-2025,1051,,,,30-Apr-2025,1400,25SL0001ISOPU1,25SL0001ISOPU1,,,,PU-239,RN,=,0.111,0.506887,3,,,,,pCi/L,,,,,,,1.0,,,,,Y,,,,,0.500,-0.500,,,,,,
58,SLDA,A-WWTP,27-Feb-2025,1425,AQ,,,NO,,,,25WW00001,P1067230,,,,,,25SL0001,SLDA,A01R-PU,SL005,,1,25WW00001,09-May-2025,1051,,,,30-Apr-2025,1400,25SL0001ISOPU1,25SL0001ISOPU1,,,,PU-238,RN,=,3.165,1.64662,3,,,,,pCi/L,,,,,,,1.0,,,,B,Y,,,,,,,,,,,,
59,SLDA,A-WWTP,27-Feb-2025,1425,AQ,,,NO,,,,25WW00001,P1067230,,,,,,25SL0001,SLDA,A01R-PU,SL005,,1,25WW00001,09-May-2025,1051,,,,30-Apr-2025,1400,25SL0001ISOPU1,25SL0001ISOPU1,,,,PU-239,RN,=,0.666,0.637953,3,,,,,pCi/L,,,,,,,1.0,,,,,Y,,,,,,,,,,,,
61,SLDA,Lab,27-Feb-2025,1425,AQ,,,QC,,,,25WW00001DUP,P1067230,,,,,,25SL0001,SLDA,A01R-PU,SL005,,1,25WW00001DUP,09-May-2025,1051,,,,30-Apr-2025,1400,25SL0001ISOPU1,25SL0001ISOPU1,,,,PU-238,RN,=,2.917,1.6133,3,,,,,pCi/L,,,,,,,1.0,,,,B,Y,,,0.11,3.0,,,,,,,,
62,SLDA,Lab,27-Feb-2025,1425,AQ,,,QC,,,,25WW00001DUP,P1067230,,,,,,25SL0001,SLDA,A01R-PU,SL005,,1,25WW00001DUP,09-May-2025,1051,,,,30-Apr-2025,1400,25SL0001ISOPU1,25SL0001ISOPU1,,,,PU-239,RN,=,0.852,0.66099,3,,,,,pCi/L,,,,,,,1.0,,,,,Y,,,0.20,3.0,,,,,,,,
55,SLDA,Lab,27-Feb-2025,1425,AQ,,,QC,,,,25SL0001ISOPU1LCS,P1067230,,,,,,25SL0001,SLDA,A01R-PU,SL005,,1,25SL0001ISOPU1LCS,09-May-2025,1051,,,,30-Apr-2025,1400,25SL0001ISOPU1,25SL0001ISOPU1,,,,PU-238,RN,=,15.986,1.44703,3,4.1,3,,,pCi/L,,,,,,,1.0,,,,,Y,,105.15,,,125.00,75.00,,,,,,
56,SLDA,Lab,27-Feb-2025,1425,AQ,,,QC,,,,25SL0001ISOPU1LCS,P1067230,,,,,,25SL0001,SLDA,A01R-PU,SL005,,1,25SL0001ISOPU1LCS,09-May-2025,1051,,,,30-Apr-2025,1400,25SL0001ISOPU1,25SL0001ISOPU1,,,,PU-239,RN,=,17.015,1.45803,3,4.14,3,,,pCi/L,,,,,,,1.0,,,,,Y,,111.07,,,125.00,75.00,,,,,,
54,SLDA,Lab,27-Feb-2025,1425,AQ,,,QC,,,,25SL0001ISOPU1BLK,P1067230,,,,,,25SL0001,SLDA,A01R-PU,SL005,,1,25SL0001ISOPU1BLK,09-May-2025,1051,,,,30-Apr-2025,1400,25SL0001ISOPU1,25SL0001ISOPU1,,,,PU-242,RN,=,81.972,5.20792,3,,,,,pCi/L,,,,,,,1.0,,,,,Y,,,,,,,,,,,,
57,SLDA,Lab,27-Feb-2025,1425,AQ,,,QC,,,,25SL0001ISOPU1LCS,P1067230,,,,,,25SL0001,SLDA,A01R-PU,SL005,,1,25SL0001ISOPU1LCS,09-May-2025,1051,,,,30-Apr-2025,1400,25SL0001ISOPU1,25SL0001ISOPU1,,,,PU-242,RN,=,15.241,0.970562,3,,,,,pCi/L,,,,,,,1.0,,,,,Y,,,,,,,,,,,,
60,SLDA,A-WWTP,27-Feb-2025,1425,AQ,,,QC,,,,25WW00001,P1067230,,,,,,25SL0001,SLDA,A01R-PU,SL005,,1,25WW00001,09-May-2025,1051,,,,30-Apr-2025,1400,25SL0001ISOPU1,25SL0001ISOPU1,,,,PU-242,RN,=,82.062,5.03732,3,,,,,pCi/L,,,,,,,1.0,,,,,Y,,,,,,,,,,,,
63,SLDA,Lab,27-Feb-2025,1425,AQ,,,QC,,,,25WW00001DUP,P1067230,,,,,,25SL0001,SLDA,A01R-PU,SL005,,1,25WW00001DUP,09-May-2025,1051,,,,30-Apr-2025,1400,25SL0001ISOPU1,25SL0001ISOPU1,,,,PU-242,RN,=,82.121,4.92843,3,,,,,pCi/L,,,,,,,1.0,,,,,Y,,,,,,,,,,,,
64,SLDA,Lab,27-Feb-2025,1425,AQ,,,QC,,,,25SL0001ISOTH1BLK,P1067230,,,,,,25SL0001,SLDA,A01R-TH,SL005,,1,25SL0001ISOTH1BLK,09-May-2025,1106,,,,30-Apr-2025,1419,25SL0001ISOTH1,25SL0001ISOTH1,,,,TH-228,RN,=,0.110,0.303457,3,,,,,pCi/L,,,,,,,1.0,,,,,Y,,,,,0.500,-0.200,,,,,,
66,SLDA,Lab,27-Feb-2025,1425,AQ,,,QC,,,,25SL0001ISOTH1BLK,P1067230,,,,,,25SL0001,SLDA,A01R-TH,SL005,,1,25SL0001ISOTH1BLK,09-May-2025,1106,,,,30-Apr-2025,1419,25SL0001ISOTH1,25SL0001ISOTH1,,,,TH-230,RN,=,1.572,1.14121,3,,,,,pCi/L,,,,,,,1.0,,,,B,Y,,,,,1.000,0.400,,,,,,
67,SLDA,Lab,27-Feb-2025,1425,AQ,,,QC,,,,25SL0001ISOTH1BLK,P1067230,,,,,,25SL0001,SLDA,A01R-TH,SL005,,1,25SL0001ISOTH1BLK,09-May-2025,1106,,,,30-Apr-2025,1419,25SL0001ISOTH1,25SL0001ISOTH1,,,,TH-232,RN,=,0.107,0.301939,3,,,,,pCi/L,,,,,,,1.0,,,,,Y,,,,,0.500,-0.100,,,,,,
72,SLDA,A-WWTP,27-Feb-2025,1425,AQ,,,NO,,,,25WW00001,P1067230,,,,,,25SL0001,SLDA,A01R-TH,SL005,,1,25WW00001,09-May-2025,1106,,,,30-Apr-2025,1419,25SL0001ISOTH1,25SL0001ISOTH1,,,,TH-228,RN,ND,0.078,0.277792,3,,,,,pCi/L,,,,,,,1.0,,,,U,Y,,,,,,,,,,,,
74,SLDA,A-WWTP,27-Feb-2025,1425,AQ,,,NO,,,,25WW00001,P1067230,,,,,,25SL0001,SLDA,A01R-TH,SL005,,1,25WW00001,09-May-2025,1106,,,,30-Apr-2025,1419,25SL0001ISOTH1,25SL0001ISOTH1,,,,TH-230,RN,ND,0.229,0.614953,3,,,,,pCi/L,,,,,,,1.0,,,,BU,Y,,,,,,,,,,,,
75,SLDA,A-WWTP,27-Feb-2025,1425,AQ,,,NO,,,,25WW00001,P1067230,,,,,,25SL0001,SLDA,A01R-TH,SL005,,1,25WW00001,09-May-2025,1106,,,,30-Apr-2025,1419,25SL0001ISOTH1,25SL0001ISOTH1,,,,TH-232,RN,ND,0.365,0.474043,3,,,,,pCi/L,,,,,,,1.0,,,,U,Y,,,,,,,,,,,,
76,SLDA,Lab,27-Feb-2025,1425,AQ,,,QC,,,,25WW00001DUP,P1067230,,,,,,25SL0001,SLDA,A01R-TH,SL005,,1,25WW00001DUP,09-May-2025,1106,,,,30-Apr-2025,1419,25SL0001ISOTH1,25SL0001ISOTH1,,,,TH-228,RN,ND,0.397,0.509445,3,,,,,pCi/L,,,,,,,1.0,,,,U,Y,,,0.55,3.0,,,,,,,,
78,SLDA,Lab,27-Feb-2025,1425,AQ,,,QC,,,,25WW00001DUP,P1067230,,,,,,25SL0001,SLDA,A01R-TH,SL005,,1,25WW00001DUP,09-May-2025,1106,,,,30-Apr-2025,1419,25SL0001ISOTH1,25SL0001ISOTH1,,,,TH-230,RN,ND,0.187,0.654426,3,,,,,pCi/L,,,,,,,1.0,,,,BU,Y,,,0.05,3.0,,,,,,,,
79,SLDA,Lab,27-Feb-2025,1425,AQ,,,QC,,,,25WW00001DUP,P1067230,,,,,,25SL0001,SLDA,A01R-TH,SL005,,1,25WW00001DUP,09-May-2025,1106,,,,30-Apr-2025,1419,25SL0001ISOTH1,25SL0001ISOTH1,,,,TH-232,RN,ND,0.102,0.293359,3,,,,,pCi/L,,,,,,,1.0,,,,U,Y,,,0.47,3.0,,,,,,,,
68,SLDA,Lab,27-Feb-2025,1425,AQ,,,QC,,,,25SL0001ISOTH1LCS,P1067230,,,,,,25SL0001,SLDA,A01R-TH,SL005,,1,25SL0001ISOTH1LCS,09-May-2025,1106,,,,30-Apr-2025,1419,25SL0001ISOTH1,25SL0001ISOTH1,,,,TH-228,RN,=,15.950,2.9447,3,4.13,3,,,pCi/L,,,,,,,1.0,,,,,Y,,106.9,,,125.00,75.00,,,,,,
70,SLDA,Lab,27-Feb-2025,1425,AQ,,,QC,,,,25SL0001ISOTH1LCS,P1067230,,,,,,25SL0001,SLDA,A01R-TH,SL005,,1,25SL0001ISOTH1LCS,09-May-2025,1106,,,,30-Apr-2025,1419,25SL0001ISOTH1,25SL0001ISOTH1,,,,TH-230,RN,=,8.269,1.81003,3,2.37,3,,,pCi/L,,,,,,,1.0,,,,,Y,,96.44,,,125.00,75.00,,,,,,
71,SLDA,Lab,27-Feb-2025,1425,AQ,,,QC,,,,25SL0001ISOTH1LCS,P1067230,,,,,,25SL0001,SLDA,A01R-TH,SL005,,1,25SL0001ISOTH1LCS,09-May-2025,1106,,,,30-Apr-2025,1419,25SL0001ISOTH1,25SL0001ISOTH1,,,,TH-232,RN,=,14.151,2.68151,3,4.13,3,,,pCi/L,,,,,,,1.0,,,,,Y,,94.84,,,125.00,75.00,,,,,,
65,SLDA,Lab,27-Feb-2025,1425,AQ,,,QC,,,,25SL0001ISOTH1BLK,P1067230,,,,,,25SL0001,SLDA,A01R-TH,SL005,,1,25SL0001ISOTH1BLK,09-May-2025,1106,,,,30-Apr-2025,1419,25SL0001ISOTH1,25SL0001ISOTH1,,,,TH-229,RN,=,82.762,8.83749,3,,,,,pCi/L,,,,,,,1.0,,,,,Y,,,,,,,,,,,,
69,SLDA,Lab,27-Feb-2025,1425,AQ,,,QC,,,,25SL0001ISOTH1LCS,P1067230,,,,,,25SL0001,SLDA,A01R-TH,SL005,,1,25SL0001ISOTH1LCS,09-May-2025,1106,,,,30-Apr-2025,1419,25SL0001ISOTH1,25SL0001ISOTH1,,,,TH-229,RN,=,15.031,2.10287,3,,,,,pCi/L,,,,,,,1.0,,,,,Y,,,,,,,,,,,,
73,SLDA,A-WWTP,27-Feb-2025,1425,AQ,,,QC,,,,25WW00001,P1067230,,,,,,25SL0001,SLDA,A01R-TH,SL005,,1,25WW00001,09-May-2025,1106,,,,30-Apr-2025,1419,25SL0001ISOTH1,25SL0001ISOTH1,,,,TH-229,RN,=,83.211,8.61046,3,,,,,pCi/L,,,,,,,1.0,,,,,Y,,,,,,,,,,,,
77,SLDA,Lab,27-Feb-2025,1425,AQ,,,QC,,,,25WW00001DUP,P1067230,,,,,,25SL0001,SLDA,A01R-TH,SL005,,1,25WW00001DUP,09-May-2025,1106,,,,30-Apr-2025,1419,25SL0001ISOTH1,25SL0001ISOTH1,,,,TH-229,RN,=,83.331,8.79844,3,,,,,pCi/L,,,,,,,1.0,,,,,Y,,,,,,,,,,,,
81,SLDA,Lab,27-Feb-2025,1425,AQ,,,QC,,,,25SL0001ISOU1BLK,P1067230,,,,,,25SL0001,SLDA,A01R-U,SL015,,1,25SL0001ISOU1BLK,09-May-2025,1139,,,,30-Apr-2025,1457,25SL0001ISOU1,25SL0001ISOU1,,,,U-234,RN,=,-0.018,0.286428,3,,,,,pCi/L,,,,,,,1.0,,,,,Y,,,,,0.300,-0.200,,,,,,
82,SLDA,Lab,27-Feb-2025,1425,AQ,,,QC,,,,25SL0001ISOU1BLK,P1067230,,,,,,25SL0001,SLDA,A01R-U,SL015,,1,25SL0001ISOU1BLK,09-May-2025,1139,,,,30-Apr-2025,1457,25SL0001ISOU1,25SL0001ISOU1,,,,U-235,RN,=,-0.066,0.357852,3,,,,,pCi/L,,,,,,,1.0,,,,,Y,,,,,0.200,-0.100,,,,,,
83,SLDA,Lab,27-Feb-2025,1425,AQ,,,QC,,,,25SL0001ISOU1BLK,P1067230,,,,,,25SL0001,SLDA,A01R-U,SL015,,1,25SL0001ISOU1BLK,09-May-2025,1139,,,,30-Apr-2025,1457,25SL0001ISOU1,25SL0001ISOU1,,,,U-238,RN,=,-0.018,0.285855,3,,,,,pCi/L,,,,,,,1.0,,,,,Y,,,,,0.200,-0.100,,,,,,
89,SLDA,A-WWTP,27-Feb-2025,1425,AQ,,,NO,,,,25WW00001,P1067230,,,,,,25SL0001,SLDA,A01R-U,SL015,,1,25WW00001,09-May-2025,1139,,,,30-Apr-2025,1457,25SL0001ISOU1,25SL0001ISOU1,,,,U-234,RN,ND,0.122,0.344555,3,,,,,pCi/L,,,,,,,1.0,,,,U,Y,,,,,,,,,,,,
90,SLDA,A-WWTP,27-Feb-2025,1425,AQ,,,NO,,,,25WW00001,P1067230,,,,,,25SL0001,SLDA,A01R-U,SL015,,1,25WW00001,09-May-2025,1139,,,,30-Apr-2025,1457,25SL0001ISOU1,25SL0001ISOU1,,,,U-235,RN,ND,0.281,0.426057,3,,,,,pCi/L,,,,,,,1.0,,,,U,Y,,,,,,,,,,,,
91,SLDA,A-WWTP,27-Feb-2025,1425,AQ,,,NO,,,,25WW00001,P1067230,,,,,,25SL0001,SLDA,A01R-U,SL015,,1,25WW00001,09-May-2025,1139,,,,30-Apr-2025,1457,25SL0001ISOU1,25SL0001ISOU1,,,,U-238,RN,ND,-0.015,0.24494,3,,,,,pCi/L,,,,,,,1.0,,,,U,Y,,,,,,,,,,,,
93,SLDA,Lab,27-Feb-2025,1425,AQ,,,QC,,,,25WW00001DUP,P1067230,,,,,,25SL0001,SLDA,A01R-U,SL015,,1,25WW00001DUP,09-May-2025,1139,,,,30-Apr-2025,1457,25SL0001ISOU1,25SL0001ISOU1,,,,U-234,RN,ND,-0.031,0.250763,3,,,,,pCi/L,,,,,,,1.0,,,,U,Y,,,0.36,3.0,,,,,,,,
94,SLDA,Lab,27-Feb-2025,1425,AQ,,,QC,,,,25WW00001DUP,P1067230,,,,,,25SL0001,SLDA,A01R-U,SL015,,1,25WW00001DUP,09-May-2025,1139,,,,30-Apr-2025,1457,25SL0001ISOU1,25SL0001ISOU1,,,,U-235,RN,ND,0.000,0.429665,3,,,,,pCi/L,,,,,,,1.0,,,,U,Y,,,0.46,3.0,,,,,,,,
95,SLDA,Lab,27-Feb-2025,1425,AQ,,,QC,,,,25WW00001DUP,P1067230,,,,,,25SL0001,SLDA,A01R-U,SL015,,1,25WW00001DUP,09-May-2025,1139,,,,30-Apr-2025,1457,25SL0001ISOU1,25SL0001ISOU1,,,,U-238,RN,ND,-0.031,0.250261,3,,,,,pCi/L,,,,,,,1.0,,,,U,Y,,,0.04,3.0,,,,,,,,
85,SLDA,Lab,27-Feb-2025,1425,AQ,,,QC,,,,25SL0001ISOU1LCS,P1067230,,,,,,25SL0001,SLDA,A01R-U,SL015,,1,25SL0001ISOU1LCS,09-May-2025,1139,,,,30-Apr-2025,1457,25SL0001ISOU1,25SL0001ISOU1,,,,U-234,RN,=,51.972,5.0332,3,13.46,3,,,pCi/L,,,,,,,1.0,,,,,Y,,99.2,,,125.00,75.00,,,,,,
86,SLDA,Lab,27-Feb-2025,1425,AQ,,,QC,,,,25SL0001ISOU1LCS,P1067230,,,,,,25SL0001,SLDA,A01R-U,SL015,,1,25SL0001ISOU1LCS,09-May-2025,1139,,,,30-Apr-2025,1457,25SL0001ISOU1,25SL0001ISOU1,,,,U-235,RN,=,2.606,0.620987,3,0.64,3,,,pCi/L,,,,,,,1.0,,,,,Y,,104.83,,,125.00,75.00,,,,,,
87,SLDA,Lab,27-Feb-2025,1425,AQ,,,QC,,,,25SL0001ISOU1LCS,P1067230,,,,,,25SL0001,SLDA,A01R-U,SL015,,1,25SL0001ISOU1LCS,09-May-2025,1139,,,,30-Apr-2025,1457,25SL0001ISOU1,25SL0001ISOU1,,,,U-238,RN,=,53.209,5.13917,3,13.86,3,,,pCi/L,,,,,,,1.0,,,,,Y,,98.63,,,125.00,75.00,,,,,,
80,SLDA,Lab,27-Feb-2025,1425,AQ,,,QC,,,,25SL0001ISOU1BLK,P1067230,,,,,,25SL0001,SLDA,A01R-U,SL015,,1,25SL0001ISOU1BLK,09-May-2025,1139,,,,30-Apr-2025,1457,25SL0001ISOU1,25SL0001ISOU1,,,,U-232,RN,=,80.637,7.14082,3,,,,,pCi/L,,,,,,,1.0,,,,,Y,,,,,,,,,,,,
84,SLDA,Lab,27-Feb-2025,1425,AQ,,,QC,,,,25SL0001ISOU1LCS,P1067230,,,,,,25SL0001,SLDA,A01R-U,SL015,,1,25SL0001ISOU1LCS,09-May-2025,1139,,,,30-Apr-2025,1457,25SL0001ISOU1,25SL0001ISOU1,,,,U-232,RN,=,15.716,1.35108,3,,,,,pCi/L,,,,,,,1.0,,,,,Y,,,,,,,,,,,,
88,SLDA,A-WWTP,27-Feb-2025,1425,AQ,,,QC,,,,25WW00001,P1067230,,,,,,25SL0001,SLDA,A01R-U,SL015,,1,25WW00001,09-May-2025,1139,,,,30-Apr-2025,1457,25SL0001ISOU1,25SL0001ISOU1,,,,U-232,RN,=,80.356,6.65692,3,,,,,pCi/L,,,,,,,1.0,,,,,Y,,,,,,,,,,,,
92,SLDA,Lab,27-Feb-2025,1425,AQ,,,QC,,,,25WW00001DUP,P1067230,,,,,,25SL0001,SLDA,A01R-U,SL015,,1,25WW00001DUP,09-May-2025,1139,,,,30-Apr-2025,1457,25SL0001ISOU1,25SL0001ISOU1,,,,U-232,RN,=,80.825,6.71631,3,,,,,pCi/L,,,,,,,1.0,,,,,Y,,,,,,,,,,,,
96,SLDA,Lab,27-Feb-2025,1425,AQ,,,QC,,,,25SL0001LSCPU1BLK,P1067230,,,,,,25SL0001,SLDA,A01R-LSC,SL044,,1,25SL0001LSCPU1BLK,09-May-2025,1221,,,,22-Mar-2025,0452,25SL0001LSCPU1,25SL0001LSCPU1,,,,PU-241,RN,=,1.220,0.55,3,,,,,pCi/L,,,,,,,1.0,,,,Q,Y,,,,,2.000,-2.000,,,,,,
98,SLDA,A-WWTP,27-Feb-2025,1425,AQ,,,NO,,,,25WW00001,P1067230,,,,,,25SL0001,SLDA,A01R-LSC,SL044,,1,25WW00001,09-May-2025,1221,,,,22-Mar-2025,1701,25SL0001LSCPU1,25SL0001LSCPU1,,,,PU-241,RN,=,1.300,0.59,3,,,,,pCi/L,,,,,,,1.0,,,,Q,Y,,,,,,,,,,,,
99,SLDA,Lab,27-Feb-2025,1425,AQ,,,QC,,,,25WW00001DUP,P1067230,,,,,,25SL0001,SLDA,A01R-LSC,SL044,,1,25WW00001DUP,09-May-2025,1221,,,,22-Mar-2025,1258,25SL0001LSCPU1,25SL0001LSCPU1,,,,PU-241,RN,=,1.160,0.52,3,,,,,pCi/L,,,,,,,1.0,,,,Q,Y,,,0.18,3.0,,,,,,,,
97,SLDA,Lab,27-Feb-2025,1425,AQ,,,QC,,,,25SL0001LSCPU1LCS,P1067230,,,,,,25SL0001,SLDA,A01R-LSC,SL044,,1,25SL0001LSCPU1LCS,09-May-2025,1221,,,,22-Mar-2025,0855,25SL0001LSCPU1,25SL0001LSCPU1,,,,PU-241,RN,=,0.230,0.11,3,12.78,3,,,pCi/L,,,,,,,1.0,,,,Q,Y,,0.45,,,125.00,75.00,,,,,,
244,SLDA,Lab,27-Feb-2025,1425,AQ,,,QC,,,,25SL0001MET1BLK,P1067230,,,,,,25SL0001,SLDA,,,,1,25SL0001MET1BLK,06-Mar-2025,1200,,,,06-Mar-2025,1701,25SL0001MET1,25SL0001MET1,,,,ALUMINIUM,MET,=,-1.175,,3,,,5.585532,,ug/L,,,,,,,1.0,,,,,Y,,,,,10.000,-10.000,,,,,,10.000
245,SLDA,Lab,27-Feb-2025,1425,AQ,,,QC,,,,25SL0001MET1BLK,P1067230,,,,,,25SL0001,SLDA,,,,1,25SL0001MET1BLK,06-Mar-2025,1200,,,,06-Mar-2025,1701,25SL0001MET1,25SL0001MET1,,,,ANTIMONY,MET,=,0.004,,3,,,0.054886,,ug/L,,,,,,,1.0,,,,,Y,,,,,0.200,-0.200,,,,,,0.200
246,SLDA,Lab,27-Feb-2025,1425,AQ,,,QC,,,,25SL0001MET1BLK,P1067230,,,,,,25SL0001,SLDA,,,,1,25SL0001MET1BLK,06-Mar-2025,1200,,,,06-Mar-2025,1701,25SL0001MET1,25SL0001MET1,,,,ARSENIC,MET,=,0.002,,3,,,0.02362,,ug/L,,,,,,,1.0,,,,,Y,,,,,0.200,-0.200,,,,,,0.200
247,SLDA,Lab,27-Feb-2025,1425,AQ,,,QC,,,,25SL0001MET1BLK,P1067230,,,,,,25SL0001,SLDA,,,,1,25SL0001MET1BLK,06-Mar-2025,1200,,,,06-Mar-2025,1701,25SL0001MET1,25SL0001MET1,,,,BARIUM,MET,=,0.084,,3,,,0.80636,,ug/L,,,,,,,1.0,,,,,Y,,,,,10.000,-10.000,,,,,,10.000
248,SLDA,Lab,27-Feb-2025,1425,AQ,,,QC,,,,25SL0001MET1BLK,P1067230,,,,,,25SL0001,SLDA,,,,1,25SL0001MET1BLK,06-Mar-2025,1200,,,,06-Mar-2025,1701,25SL0001MET1,25SL0001MET1,,,,BERYLLIUM,MET,=,0.001,,3,,,0.031295,,ug/L,,,,,,,1.0,,,,B,Y,,,,,0.200,-0.200,,,,,,0.200
250,SLDA,Lab,27-Feb-2025,1425,AQ,,,QC,,,,25SL0001MET1BLK,P1067230,,,,,,25SL0001,SLDA,,,,1,25SL0001MET1BLK,06-Mar-2025,1200,,,,06-Mar-2025,1701,25SL0001MET1,25SL0001MET1,,,,CADMIUM,MET,=,0.001,,3,,,0.03295,,ug/L,,,,,,,1.0,,,,B,Y,,,,,0.200,-0.200,,,,,,0.200
251,SLDA,Lab,27-Feb-2025,1425,AQ,,,QC,,,,25SL0001MET1BLK,P1067230,,,,,,25SL0001,SLDA,,,,1,25SL0001MET1BLK,06-Mar-2025,1200,,,,06-Mar-2025,1701,25SL0001MET1,25SL0001MET1,,,,CHROMIUM,MET,=,0.072,,3,,,0.382228,,ug/L,,,,,,,1.0,,,,B,Y,,,,,1.000,-1.000,,,,,,1.000
252,SLDA,Lab,27-Feb-2025,1425,AQ,,,QC,,,,25SL0001MET1BLK,P1067230,,,,,,25SL0001,SLDA,,,,1,25SL0001MET1BLK,06-Mar-2025,1200,,,,06-Mar-2025,1701,25SL0001MET1,25SL0001MET1,,,,COPPER,MET,=,-0.043,,3,,,0.075091,,ug/L,,,,,,,1.0,,,,,Y,,,,,10.000,-10.000,,,,,,10.000
254,SLDA,Lab,27-Feb-2025,1425,AQ,,,QC,,,,25SL0001MET1BLK,P1067230,,,,,,25SL0001,SLDA,,,,1,25SL0001MET1BLK,06-Mar-2025,1200,,,,06-Mar-2025,1701,25SL0001MET1,25SL0001MET1,,,,IRON,MET,=,0.681,,3,,,3.373023,,ug/L,,,,,,,1.0,,,,,Y,,,,,10.000,-10.000,,,,,,10.000
255,SLDA,Lab,27-Feb-2025,1425,AQ,,,QC,,,,25SL0001MET1BLK,P1067230,,,,,,25SL0001,SLDA,,,,1,25SL0001MET1BLK,06-Mar-2025,1200,,,,06-Mar-2025,1701,25SL0001MET1,25SL0001MET1,,,,LEAD,MET,=,0.003,,3,,,0.062879,,ug/L,,,,,,,1.0,,,,,Y,,,,,0.200,-0.200,,,,,,0.200
257,SLDA,Lab,27-Feb-2025,1425,AQ,,,QC,,,,25SL0001MET1BLK,P1067230,,,,,,25SL0001,SLDA,,,,1,25SL0001MET1BLK,06-Mar-2025,1200,,,,06-Mar-2025,1701,25SL0001MET1,25SL0001MET1,,,,MANGANESE,MET,=,0.010,,3,,,0.410888,,ug/L,,,,,,,1.0,,,,,Y,,,,,1.000,-1.000,,,,,,1.000
258,SLDA,Lab,27-Feb-2025,1425,AQ,,,QC,,,,25SL0001MET1BLK,P1067230,,,,,,25SL0001,SLDA,,,,1,25SL0001MET1BLK,06-Mar-2025,1200,,,,06-Mar-2025,1701,25SL0001MET1,25SL0001MET1,,,,NICKEL,MET,=,-0.002,,3,,,0.054793,,ug/L,,,,,,,1.0,,,,,Y,,,,,10.000,-10.000,,,,,,10.000
261,SLDA,Lab,27-Feb-2025,1425,AQ,,,QC,,,,25SL0001MET1BLK,P1067230,,,,,,25SL0001,SLDA,,,,1,25SL0001MET1BLK,06-Mar-2025,1200,,,,06-Mar-2025,1701,25SL0001MET1,25SL0001MET1,,,,SELENIUM,MET,=,0.042,,3,,,0.035546,,ug/L,,,,,,,1.0,,,,B,Y,,,,,0.200,-0.200,,,,,,0.200
262,SLDA,Lab,27-Feb-2025,1425,AQ,,,QC,,,,25SL0001MET1BLK,P1067230,,,,,,25SL0001,SLDA,,,,1,25SL0001MET1BLK,06-Mar-2025,1200,,,,06-Mar-2025,1701,25SL0001MET1,25SL0001MET1,,,,SILVER,MET,=,0.013,,3,,,0.220001,,ug/L,,,,,,,1.0,,,,B,Y,,,,,1.000,-1.000,,,,,,1.000
264,SLDA,Lab,27-Feb-2025,1425,AQ,,,QC,,,,25SL0001MET1BLK,P1067230,,,,,,25SL0001,SLDA,,,,1,25SL0001MET1BLK,06-Mar-2025,1200,,,,06-Mar-2025,1701,25SL0001MET1,25SL0001MET1,,,,THALLIUM,MET,=,0.000,,3,,,0.021117,,ug/L,,,,,,,1.0,,,,,Y,,,,,0.200,-0.200,,,,,,0.200
265,SLDA,Lab,27-Feb-2025,1425,AQ,,,QC,,,,25SL0001MET1BLK,P1067230,,,,,,25SL0001,SLDA,,,,1,25SL0001MET1BLK,06-Mar-2025,1200,,,,06-Mar-2025,1701,25SL0001MET1,25SL0001MET1,,,,URANIUM,MET,=,0.001,,3,,,0.020346,,ug/L,,,,,,,1.0,,,,B,Y,,,,,0.200,-0.200,,,,,,0.200
267,SLDA,Lab,27-Feb-2025,1425,AQ,,,QC,,,,25SL0001MET1BLK,P1067230,,,,,,25SL0001,SLDA,,,,1,25SL0001MET1BLK,06-Mar-2025,1200,,,,06-Mar-2025,1701,25SL0001MET1,25SL0001MET1,,,,ZINC,MET,=,1.678,,3,,,0.977933,,ug/L,,,,,,,1.0,,,,B,Y,,,,,10.000,-10.000,,,,,,10.000
292,SLDA,A-WWTP,27-Feb-2025,1425,AQ,,,NO,,,,25WW00001,P1067230,,,,,,25SL0001,SLDA,,,,1,25WW00001,06-Mar-2025,1200,,,,06-Mar-2025,1719,25SL0001MET1,25SL0001MET1,,,,ALUMINIUM,MET,=,14.101,,3,,,5.585532,,ug/L,,,,,,,1.0,,,,J,Y,,,,,,,,,,,,10.000
293,SLDA,A-WWTP,27-Feb-2025,1425,AQ,,,NO,,,,25WW00001,P1067230,,,,,,25SL0001,SLDA,,,,1,25WW00001,06-Mar-2025,1200,,,,06-Mar-2025,1719,25SL0001MET1,25SL0001MET1,,,,ANTIMONY,MET,=,1.240,,3,,,0.054886,,ug/L,,,,,,,1.0,,,,J,Y,,,,,,,,,,,,0.200
294,SLDA,A-WWTP,27-Feb-2025,1425,AQ,,,NO,,,,25WW00001,P1067230,,,,,,25SL0001,SLDA,,,,1,25WW00001,06-Mar-2025,1200,,,,06-Mar-2025,1719,25SL0001MET1,25SL0001MET1,,,,ARSENIC,MET,=,0.218,,3,,,0.02362,,ug/L,,,,,,,1.0,,,,,Y,,,,,,,,,,,,0.200
295,SLDA,A-WWTP,27-Feb-2025,1425,AQ,,,NO,,,,25WW00001,P1067230,,,,,,25SL0001,SLDA,,,,1,25WW00001,06-Mar-2025,1200,,,,06-Mar-2025,1719,25SL0001MET1,25SL0001MET1,,,,BARIUM,MET,=,30.518,,3,,,0.80636,,ug/L,,,,,,,1.0,,,,J,Y,,,,,,,,,,,,10.000
296,SLDA,A-WWTP,27-Feb-2025,1425,AQ,,,NO,,,,25WW00001,P1067230,,,,,,25SL0001,SLDA,,,,1,25WW00001,06-Mar-2025,1200,,,,06-Mar-2025,1719,25SL0001MET1,25SL0001MET1,,,,BERYLLIUM,MET,ND,0.002,,3,,,0.031295,,ug/L,,,,,,,1.0,,,,BU,Y,,,,,,,,,,,,0.200
298,SLDA,A-WWTP,27-Feb-2025,1425,AQ,,,NO,,,,25WW00001,P1067230,,,,,,25SL0001,SLDA,,,,1,25WW00001,06-Mar-2025,1200,,,,06-Mar-2025,1719,25SL0001MET1,25SL0001MET1,,,,CADMIUM,MET,ND,0.004,,3,,,0.03295,,ug/L,,,,,,,1.0,,,,BU,Y,,,,,,,,,,,,0.200
299,SLDA,A-WWTP,27-Feb-2025,1425,AQ,,,NO,,,,25WW00001,P1067230,,,,,,25SL0001,SLDA,,,,1,25WW00001,06-Mar-2025,1200,,,,06-Mar-2025,1719,25SL0001MET1,25SL0001MET1,,,,CHROMIUM,MET,ND,0.096,,3,,,0.382228,,ug/L,,,,,,,1.0,,,,BU,Y,,,,,,,,,,,,1.000
300,SLDA,A-WWTP,27-Feb-2025,1425,AQ,,,NO,,,,25WW00001,P1067230,,,,,,25SL0001,SLDA,,,,1,25WW00001,06-Mar-2025,1200,,,,06-Mar-2025,1719,25SL0001MET1,25SL0001MET1,,,,COPPER,MET,ND,0.001,,3,,,0.075091,,ug/L,,,,,,,1.0,,,,U,Y,,,,,,,,,,,,10.000
302,SLDA,A-WWTP,27-Feb-2025,1425,AQ,,,NO,,,,25WW00001,P1067230,,,,,,25SL0001,SLDA,,,,1,25WW00001,06-Mar-2025,1200,,,,06-Mar-2025,1719,25SL0001MET1,25SL0001MET1,,,,IRON,MET,=,74.929,,3,,,3.373023,,ug/L,,,,,,,1.0,,,,J,Y,,,,,,,,,,,,10.000
303,SLDA,A-WWTP,27-Feb-2025,1425,AQ,,,NO,,,,25WW00001,P1067230,,,,,,25SL0001,SLDA,,,,1,25WW00001,06-Mar-2025,1200,,,,06-Mar-2025,1719,25SL0001MET1,25SL0001MET1,,,,LEAD,MET,ND,0.044,,3,,,0.062879,,ug/L,,,,,,,1.0,,,,U,Y,,,,,,,,,,,,0.200
305,SLDA,A-WWTP,27-Feb-2025,1425,AQ,,,NO,,,,25WW00001,P1067230,,,,,,25SL0001,SLDA,,,,1,25WW00001,06-Mar-2025,1200,,,,06-Mar-2025,1719,25SL0001MET1,25SL0001MET1,,,,MANGANESE,MET,=,156.802,,3,,,0.410888,,ug/L,,,,,,,1.0,,,,J,Y,,,,,,,,,,,,1.000
306,SLDA,A-WWTP,27-Feb-2025,1425,AQ,,,NO,,,,25WW00001,P1067230,,,,,,25SL0001,SLDA,,,,1,25WW00001,06-Mar-2025,1200,,,,06-Mar-2025,1719,25SL0001MET1,25SL0001MET1,,,,NICKEL,MET,=,0.277,,3,,,0.054793,,ug/L,,,,,,,1.0,,,,,Y,,,,,,,,,,,,10.000
309,SLDA,A-WWTP,27-Feb-2025,1425,AQ,,,NO,,,,25WW00001,P1067230,,,,,,25SL0001,SLDA,,,,1,25WW00001,06-Mar-2025,1200,,,,06-Mar-2025,1719,25SL0001MET1,25SL0001MET1,,,,SELENIUM,MET,ND,0.085,,3,,,0.035546,,ug/L,,,,,,,1.0,,,,BU,Y,,,,,,,,,,,,0.200
310,SLDA,A-WWTP,27-Feb-2025,1425,AQ,,,NO,,,,25WW00001,P1067230,,,,,,25SL0001,SLDA,,,,1,25WW00001,06-Mar-2025,1200,,,,06-Mar-2025,1719,25SL0001MET1,25SL0001MET1,,,,SILVER,MET,ND,0.064,,3,,,0.220001,,ug/L,,,,,,,1.0,,,,BU,Y,,,,,,,,,,,,1.000
312,SLDA,A-WWTP,27-Feb-2025,1425,AQ,,,NO,,,,25WW00001,P1067230,,,,,,25SL0001,SLDA,,,,1,25WW00001,06-Mar-2025,1200,,,,06-Mar-2025,1719,25SL0001MET1,25SL0001MET1,,,,THALLIUM,MET,ND,0.012,,3,,,0.021117,,ug/L,,,,,,,1.0,,,,U,Y,,,,,,,,,,,,0.200
313,SLDA,A-WWTP,27-Feb-2025,1425,AQ,,,NO,,,,25WW00001,P1067230,,,,,,25SL0001,SLDA,,,,1,25WW00001,06-Mar-2025,1200,,,,06-Mar-2025,1719,25SL0001MET1,25SL0001MET1,,,,URANIUM,MET,ND,0.004,,3,,,0.020346,,ug/L,,,,,,,1.0,,,,BU,Y,,,,,,,,,,,,0.200
315,SLDA,A-WWTP,27-Feb-2025,1425,AQ,,,NO,,,,25WW00001,P1067230,,,,,,25SL0001,SLDA,,,,1,25WW00001,06-Mar-2025,1200,,,,06-Mar-2025,1719,25SL0001MET1,25SL0001MET1,,,,ZINC,MET,ND,-1.277,,3,,,0.977933,,ug/L,,,,,,,1.0,,,,BU,Y,,,,,,,,,,,,10.000
268,SLDA,Lab,27-Feb-2025,1425,AQ,,,QC,,,,25SL0001MET1LCS,P1067230,,,,,,25SL0001,SLDA,,,,1,25SL0001MET1LCS,06-Mar-2025,1200,,,,06-Mar-2025,1705,25SL0001MET1,25SL0001MET1,,,,ALUMINIUM,MET,=,23.383,,3,1.25,3,5.585532,,ug/L,,,,,,,1.0,,,,,Y,,93.53,,,115.00,86.00,,,,,,10.00
269,SLDA,Lab,27-Feb-2025,1425,AQ,,,QC,,,,25SL0001MET1LCS,P1067230,,,,,,25SL0001,SLDA,,,,1,25SL0001MET1LCS,06-Mar-2025,1200,,,,06-Mar-2025,1705,25SL0001MET1,25SL0001MET1,,,,ANTIMONY,MET,=,25.022,,3,1.25,3,0.054886,,ug/L,,,,,,,1.0,,,,,Y,,100.09,,,113.00,88.00,,,,,,0.20
270,SLDA,Lab,27-Feb-2025,1425,AQ,,,QC,,,,25SL0001MET1LCS,P1067230,,,,,,25SL0001,SLDA,,,,1,25SL0001MET1LCS,06-Mar-2025,1200,,,,06-Mar-2025,1705,25SL0001MET1,25SL0001MET1,,,,ARSENIC,MET,=,25.011,,3,1.25,3,0.02362,,ug/L,,,,,,,1.0,,,,,Y,,100.05,,,113.00,87.00,,,,,,0.20
271,SLDA,Lab,27-Feb-2025,1425,AQ,,,QC,,,,25SL0001MET1LCS,P1067230,,,,,,25SL0001,SLDA,,,,1,25SL0001MET1LCS,06-Mar-2025,1200,,,,06-Mar-2025,1705,25SL0001MET1,25SL0001MET1,,,,BARIUM,MET,=,25.112,,3,1.25,3,0.80636,,ug/L,,,,,,,1.0,,,,,Y,,100.45,,,113.00,88.00,,,,,,10.00
272,SLDA,Lab,27-Feb-2025,1425,AQ,,,QC,,,,25SL0001MET1LCS,P1067230,,,,,,25SL0001,SLDA,,,,1,25SL0001MET1LCS,06-Mar-2025,1200,,,,06-Mar-2025,1705,25SL0001MET1,25SL0001MET1,,,,BERYLLIUM,MET,=,24.870,,3,1.25,3,0.031295,,ug/L,,,,,,,1.0,,,,,Y,,99.48,,,112.00,89.00,,,,,,0.20
274,SLDA,Lab,27-Feb-2025,1425,AQ,,,QC,,,,25SL0001MET1LCS,P1067230,,,,,,25SL0001,SLDA,,,,1,25SL0001MET1LCS,06-Mar-2025,1200,,,,06-Mar-2025,1705,25SL0001MET1,25SL0001MET1,,,,CADMIUM,MET,=,25.001,,3,1.25,3,0.03295,,ug/L,,,,,,,1.0,,,,,Y,,100.0,,,113.00,88.00,,,,,,0.20
275,SLDA,Lab,27-Feb-2025,1425,AQ,,,QC,,,,25SL0001MET1LCS,P1067230,,,,,,25SL0001,SLDA,,,,1,25SL0001MET1LCS,06-Mar-2025,1200,,,,06-Mar-2025,1705,25SL0001MET1,25SL0001MET1,,,,CHROMIUM,MET,=,25.603,,3,1.25,3,0.382228,,ug/L,,,,,,,1.0,,,,,Y,,102.41,,,113.00,90.00,,,,,,1.00
276,SLDA,Lab,27-Feb-2025,1425,AQ,,,QC,,,,25SL0001MET1LCS,P1067230,,,,,,25SL0001,SLDA,,,,1,25SL0001MET1LCS,06-Mar-2025,1200,,,,06-Mar-2025,1705,25SL0001MET1,25SL0001MET1,,,,COPPER,MET,=,25.523,,3,1.25,3,0.075091,,ug/L,,,,,,,1.0,,,,,Y,,102.09,,,114.00,86.00,,,,,,10.00
278,SLDA,Lab,27-Feb-2025,1425,AQ,,,QC,,,,25SL0001MET1LCS,P1067230,,,,,,25SL0001,SLDA,,,,1,25SL0001MET1LCS,06-Mar-2025,1200,,,,06-Mar-2025,1705,25SL0001MET1,25SL0001MET1,,,,IRON,MET,=,27.249,,3,1.25,3,3.373023,,ug/L,,,,,,,1.0,,,,,Y,,108.99,,,115.00,87.00,,,,,,10.00
279,SLDA,Lab,27-Feb-2025,1425,AQ,,,QC,,,,25SL0001MET1LCS,P1067230,,,,,,25SL0001,SLDA,,,,1,25SL0001MET1LCS,06-Mar-2025,1200,,,,06-Mar-2025,1705,25SL0001MET1,25SL0001MET1,,,,LEAD,MET,=,24.888,,3,1.25,3,0.062879,,ug/L,,,,,,,1.0,,,,,Y,,99.55,,,113.00,86.00,,,,,,0.20
281,SLDA,Lab,27-Feb-2025,1425,AQ,,,QC,,,,25SL0001MET1LCS,P1067230,,,,,,25SL0001,SLDA,,,,1,25SL0001MET1LCS,06-Mar-2025,1200,,,,06-Mar-2025,1705,25SL0001MET1,25SL0001MET1,,,,MANGANESE,MET,=,25.168,,3,1.25,3,0.410888,,ug/L,,,,,,,1.0,,,,,Y,,100.67,,,114.00,90.00,,,,,,1.00
282,SLDA,Lab,27-Feb-2025,1425,AQ,,,QC,,,,25SL0001MET1LCS,P1067230,,,,,,25SL0001,SLDA,,,,1,25SL0001MET1LCS,06-Mar-2025,1200,,,,06-Mar-2025,1705,25SL0001MET1,25SL0001MET1,,,,NICKEL,MET,=,25.632,,3,1.25,3,0.054793,,ug/L,,,,,,,1.0,,,,,Y,,102.53,,,113.00,88.00,,,,,,10.00
285,SLDA,Lab,27-Feb-2025,1425,AQ,,,QC,,,,25SL0001MET1LCS,P1067230,,,,,,25SL0001,SLDA,,,,1,25SL0001MET1LCS,06-Mar-2025,1200,,,,06-Mar-2025,1705,25SL0001MET1,25SL0001MET1,,,,SELENIUM,MET,=,24.757,,3,1.25,3,0.035546,,ug/L,,,,,,,1.0,,,,,Y,,99.03,,,114.00,83.00,,,,,,0.20
286,SLDA,Lab,27-Feb-2025,1425,AQ,,,QC,,,,25SL0001MET1LCS,P1067230,,,,,,25SL0001,SLDA,,,,1,25SL0001MET1LCS,06-Mar-2025,1200,,,,06-Mar-2025,1705,25SL0001MET1,25SL0001MET1,,,,SILVER,MET,=,25.070,,3,1.25,3,0.220001,,ug/L,,,,,,,1.0,,,,,Y,,100.28,,,115.00,84.00,,,,,,1.00
288,SLDA,Lab,27-Feb-2025,1425,AQ,,,QC,,,,25SL0001MET1LCS,P1067230,,,,,,25SL0001,SLDA,,,,1,25SL0001MET1LCS,06-Mar-2025,1200,,,,06-Mar-2025,1705,25SL0001MET1,25SL0001MET1,,,,THALLIUM,MET,=,25.128,,3,1.25,3,0.021117,,ug/L,,,,,,,1.0,,,,,Y,,100.51,,,114.00,85.00,,,,,,0.20
289,SLDA,Lab,27-Feb-2025,1425,AQ,,,QC,,,,25SL0001MET1LCS,P1067230,,,,,,25SL0001,SLDA,,,,1,25SL0001MET1LCS,06-Mar-2025,1200,,,,06-Mar-2025,1705,25SL0001MET1,25SL0001MET1,,,,URANIUM,MET,=,25.266,,3,1.25,3,0.020346,,ug/L,,,,,,,1.0,,,,,Y,,101.06,,,119.00,84.00,,,,,,0.20
291,SLDA,Lab,27-Feb-2025,1425,AQ,,,QC,,,,25SL0001MET1LCS,P1067230,,,,,,25SL0001,SLDA,,,,1,25SL0001MET1LCS,06-Mar-2025,1200,,,,06-Mar-2025,1705,25SL0001MET1,25SL0001MET1,,,,ZINC,MET,=,23.188,,3,1.25,3,0.977933,,ug/L,,,,,,,1.0,,,,,Y,,92.75,,,115.00,87.00,,,,,,10.00
316,SLDA,Lab,27-Feb-2025,1425,AQ,,,QC,,,,25WW00001MS,P1067230,,,,,,25SL0001,SLDA,,,,1,25WW00001MS,06-Mar-2025,1200,,,,06-Mar-2025,1710,25SL0001MET1,25SL0001MET1,,,,ALUMINIUM,MET,=,34.573,,3,1.25,3,5.585532,,ug/L,,,,,,,1.0,,,,J,Y,,81.89,,,115.00,86.00,,,,,,10.00
317,SLDA,Lab,27-Feb-2025,1425,AQ,,,QC,,,,25WW00001MS,P1067230,,,,,,25SL0001,SLDA,,,,1,25WW00001MS,06-Mar-2025,1200,,,,06-Mar-2025,1710,25SL0001MET1,25SL0001MET1,,,,ANTIMONY,MET,=,26.851,,3,1.25,3,0.054886,,ug/L,,,,,,,1.0,,,,,Y,,102.44,,,113.00,88.00,,,,,,0.20
318,SLDA,Lab,27-Feb-2025,1425,AQ,,,QC,,,,25WW00001MS,P1067230,,,,,,25SL0001,SLDA,,,,1,25WW00001MS,06-Mar-2025,1200,,,,06-Mar-2025,1710,25SL0001MET1,25SL0001MET1,,,,ARSENIC,MET,=,25.228,,3,1.25,3,0.02362,,ug/L,,,,,,,1.0,,,,,Y,,100.04,,,113.00,87.00,,,,,,0.20
319,SLDA,Lab,27-Feb-2025,1425,AQ,,,QC,,,,25WW00001MS,P1067230,,,,,,25SL0001,SLDA,,,,1,25WW00001MS,06-Mar-2025,1200,,,,06-Mar-2025,1710,25SL0001MET1,25SL0001MET1,,,,BARIUM,MET,=,54.994,,3,1.25,3,0.80636,,ug/L,,,,,,,1.0,,,,,Y,,97.91,,,113.00,88.00,,,,,,10.00
320,SLDA,Lab,27-Feb-2025,1425,AQ,,,QC,,,,25WW00001MS,P1067230,,,,,,25SL0001,SLDA,,,,1,25WW00001MS,06-Mar-2025,1200,,,,06-Mar-2025,1710,25SL0001MET1,25SL0001MET1,,,,BERYLLIUM,MET,=,24.764,,3,1.25,3,0.031295,,ug/L,,,,,,,1.0,,,,,Y,,99.05,,,112.00,89.00,,,,,,0.20
322,SLDA,Lab,27-Feb-2025,1425,AQ,,,QC,,,,25WW00001MS,P1067230,,,,,,25SL0001,SLDA,,,,1,25WW00001MS,06-Mar-2025,1200,,,,06-Mar-2025,1710,25SL0001MET1,25SL0001MET1,,,,CADMIUM,MET,=,24.815,,3,1.25,3,0.03295,,ug/L,,,,,,,1.0,,,,,Y,,99.24,,,113.00,88.00,,,,,,0.20
323,SLDA,Lab,27-Feb-2025,1425,AQ,,,QC,,,,25WW00001MS,P1067230,,,,,,25SL0001,SLDA,,,,1,25WW00001MS,06-Mar-2025,1200,,,,06-Mar-2025,1710,25SL0001MET1,25SL0001MET1,,,,CHROMIUM,MET,=,25.006,,3,1.25,3,0.382228,,ug/L,,,,,,,1.0,,,,,Y,,99.64,,,113.00,90.00,,,,,,1.00
324,SLDA,Lab,27-Feb-2025,1425,AQ,,,QC,,,,25WW00001MS,P1067230,,,,,,25SL0001,SLDA,,,,1,25WW00001MS,06-Mar-2025,1200,,,,06-Mar-2025,1710,25SL0001MET1,25SL0001MET1,,,,COPPER,MET,=,24.391,,3,1.25,3,0.075091,,ug/L,,,,,,,1.0,,,,,Y,,97.56,,,114.00,86.00,,,,,,10.00
326,SLDA,Lab,27-Feb-2025,1425,AQ,,,QC,,,,25WW00001MS,P1067230,,,,,,25SL0001,SLDA,,,,1,25WW00001MS,06-Mar-2025,1200,,,,06-Mar-2025,1710,25SL0001MET1,25SL0001MET1,,,,IRON,MET,=,98.884,,3,1.25,3,3.373023,,ug/L,,,,,,,1.0,,,,,Y,,95.82,,,115.00,87.00,,,,,,10.00
327,SLDA,Lab,27-Feb-2025,1425,AQ,,,QC,,,,25WW00001MS,P1067230,,,,,,25SL0001,SLDA,,,,1,25WW00001MS,06-Mar-2025,1200,,,,06-Mar-2025,1710,25SL0001MET1,25SL0001MET1,,,,LEAD,MET,=,24.812,,3,1.25,3,0.062879,,ug/L,,,,,,,1.0,,,,,Y,,99.08,,,113.00,86.00,,,,,,0.20
329,SLDA,Lab,27-Feb-2025,1425,AQ,,,QC,,,,25WW00001MS,P1067230,,,,,,25SL0001,SLDA,,,,1,25WW00001MS,06-Mar-2025,1200,,,,06-Mar-2025,1710,25SL0001MET1,25SL0001MET1,,,,MANGANESE,MET,=,179.483,,3,1.25,3,0.410888,,ug/L,,,,,,,1.0,,,,,Y,,90.72,,,114.00,90.00,,,,,,1.00
330,SLDA,Lab,27-Feb-2025,1425,AQ,,,QC,,,,25WW00001MS,P1067230,,,,,,25SL0001,SLDA,,,,1,25WW00001MS,06-Mar-2025,1200,,,,06-Mar-2025,1710,25SL0001MET1,25SL0001MET1,,,,NICKEL,MET,=,24.666,,3,1.25,3,0.054793,,ug/L,,,,,,,1.0,,,,,Y,,97.56,,,113.00,88.00,,,,,,10.00
333,SLDA,Lab,27-Feb-2025,1425,AQ,,,QC,,,,25WW00001MS,P1067230,,,,,,25SL0001,SLDA,,,,1,25WW00001MS,06-Mar-2025,1200,,,,06-Mar-2025,1710,25SL0001MET1,25SL0001MET1,,,,SELENIUM,MET,=,24.273,,3,1.25,3,0.035546,,ug/L,,,,,,,1.0,,,,,Y,,96.75,,,114.00,83.00,,,,,,0.20
334,SLDA,Lab,27-Feb-2025,1425,AQ,,,QC,,,,25WW00001MS,P1067230,,,,,,25SL0001,SLDA,,,,1,25WW00001MS,06-Mar-2025,1200,,,,06-Mar-2025,1710,25SL0001MET1,25SL0001MET1,,,,SILVER,MET,=,23.712,,3,1.25,3,0.220001,,ug/L,,,,,,,1.0,,,,,Y,,94.59,,,115.00,84.00,,,,,,1.00
336,SLDA,Lab,27-Feb-2025,1425,AQ,,,QC,,,,25WW00001MS,P1067230,,,,,,25SL0001,SLDA,,,,1,25WW00001MS,06-Mar-2025,1200,,,,06-Mar-2025,1710,25SL0001MET1,25SL0001MET1,,,,THALLIUM,MET,=,25.416,,3,1.25,3,0.021117,,ug/L,,,,,,,1.0,,,,,Y,,101.62,,,114.00,85.00,,,,,,0.20
337,SLDA,Lab,27-Feb-2025,1425,AQ,,,QC,,,,25WW00001MS,P1067230,,,,,,25SL0001,SLDA,,,,1,25WW00001MS,06-Mar-2025,1200,,,,06-Mar-2025,1710,25SL0001MET1,25SL0001MET1,,,,URANIUM,MET,=,26.156,,3,1.25,3,0.020346,,ug/L,,,,,,,1.0,,,,,Y,,104.61,,,119.00,84.00,,,,,,0.20
339,SLDA,Lab,27-Feb-2025,1425,AQ,,,QC,,,,25WW00001MS,P1067230,,,,,,25SL0001,SLDA,,,,1,25WW00001MS,06-Mar-2025,1200,,,,06-Mar-2025,1710,25SL0001MET1,25SL0001MET1,,,,ZINC,MET,=,23.678,,3,1.25,3,0.977933,,ug/L,,,,,,,1.0,,,,,Y,,99.82,,,115.00,87.00,,,,,,10.00
340,SLDA,Lab,27-Feb-2025,1425,AQ,,,QC,,,,25WW00001MSDUP,P1067230,,,,,,25SL0001,SLDA,,,,1,25WW00001MSDUP,06-Mar-2025,1200,,,,06-Mar-2025,1714,25SL0001MET1,25SL0001MET1,,,,ALUMINIUM,MET,=,82.220,,3,4.14,3,5.585532,,ug/L,,,,,,,1.0,,,,,Y,,82.22,0.40,20.0,115.00,86.00,,,,,,10.00
341,SLDA,Lab,27-Feb-2025,1425,AQ,,,QC,,,,25WW00001MSDUP,P1067230,,,,,,25SL0001,SLDA,,,,1,25WW00001MSDUP,06-Mar-2025,1200,,,,06-Mar-2025,1714,25SL0001MET1,25SL0001MET1,,,,ANTIMONY,MET,=,103.230,,3,4.94,3,0.054886,,ug/L,,,,,,,1.0,,,,,Y,,103.23,0.77,20.0,113.00,88.00,,,,,,0.20
342,SLDA,Lab,27-Feb-2025,1425,AQ,,,QC,,,,25WW00001MSDUP,P1067230,,,,,,25SL0001,SLDA,,,,1,25WW00001MSDUP,06-Mar-2025,1200,,,,06-Mar-2025,1714,25SL0001MET1,25SL0001MET1,,,,ARSENIC,MET,=,101.720,,3,4.99,3,0.02362,,ug/L,,,,,,,1.0,,,,,Y,,101.72,1.67,20.0,113.00,87.00,,,,,,0.20
343,SLDA,Lab,27-Feb-2025,1425,AQ,,,QC,,,,25WW00001MSDUP,P1067230,,,,,,25SL0001,SLDA,,,,1,25WW00001MSDUP,06-Mar-2025,1200,,,,06-Mar-2025,1714,25SL0001MET1,25SL0001MET1,,,,BARIUM,MET,=,103.580,,3,3.53,3,0.80636,,ug/L,,,,,,,1.0,,,,,Y,,103.58,5.63,20.0,113.00,88.00,,,,,,10.00
344,SLDA,Lab,27-Feb-2025,1425,AQ,,,QC,,,,25WW00001MSDUP,P1067230,,,,,,25SL0001,SLDA,,,,1,25WW00001MSDUP,06-Mar-2025,1200,,,,06-Mar-2025,1714,25SL0001MET1,25SL0001MET1,,,,BERYLLIUM,MET,=,98.940,,3,5.0,3,0.031295,,ug/L,,,,,,,1.0,,,,,Y,,98.94,0.11,20.0,112.00,89.00,,,,,,0.20
346,SLDA,Lab,27-Feb-2025,1425,AQ,,,QC,,,,25WW00001MSDUP,P1067230,,,,,,25SL0001,SLDA,,,,1,25WW00001MSDUP,06-Mar-2025,1200,,,,06-Mar-2025,1714,25SL0001MET1,25SL0001MET1,,,,CADMIUM,MET,=,100.070,,3,5.0,3,0.03295,,ug/L,,,,,,,1.0,,,,,Y,,100.07,0.83,20.0,113.00,88.00,,,,,,0.20
347,SLDA,Lab,27-Feb-2025,1425,AQ,,,QC,,,,25WW00001MSDUP,P1067230,,,,,,25SL0001,SLDA,,,,1,25WW00001MSDUP,06-Mar-2025,1200,,,,06-Mar-2025,1714,25SL0001MET1,25SL0001MET1,,,,CHROMIUM,MET,=,102.910,,3,5.0,3,0.382228,,ug/L,,,,,,,1.0,,,,,Y,,102.91,3.23,20.0,113.00,90.00,,,,,,1.00
348,SLDA,Lab,27-Feb-2025,1425,AQ,,,QC,,,,25WW00001MSDUP,P1067230,,,,,,25SL0001,SLDA,,,,1,25WW00001MSDUP,06-Mar-2025,1200,,,,06-Mar-2025,1714,25SL0001MET1,25SL0001MET1,,,,COPPER,MET,=,99.140,,3,5.0,3,0.075091,,ug/L,,,,,,,1.0,,,,,Y,,99.14,1.61,20.0,114.00,86.00,,,,,,10.00
350,SLDA,Lab,27-Feb-2025,1425,AQ,,,QC,,,,25WW00001MSDUP,P1067230,,,,,,25SL0001,SLDA,,,,1,25WW00001MSDUP,06-Mar-2025,1200,,,,06-Mar-2025,1714,25SL0001MET1,25SL0001MET1,,,,IRON,MET,=,109.270,,3,1.57,3,3.373023,,ug/L,,,,,,,1.0,,,,,Y,,109.27,13.12,20.0,115.00,87.00,,,,,,10.00
351,SLDA,Lab,27-Feb-2025,1425,AQ,,,QC,,,,25WW00001MSDUP,P1067230,,,,,,25SL0001,SLDA,,,,1,25WW00001MSDUP,06-Mar-2025,1200,,,,06-Mar-2025,1714,25SL0001MET1,25SL0001MET1,,,,LEAD,MET,=,99.690,,3,5.0,3,0.062879,,ug/L,,,,,,,1.0,,,,,Y,,99.69,0.61,20.0,113.00,86.00,,,,,,0.20
353,SLDA,Lab,27-Feb-2025,1425,AQ,,,QC,,,,25WW00001MSDUP,P1067230,,,,,,25SL0001,SLDA,,,,1,25WW00001MSDUP,06-Mar-2025,1200,,,,06-Mar-2025,1714,25SL0001MET1,25SL0001MET1,,,,MANGANESE,MET,=,105.930,,3,2.4,3,0.410888,,ug/L,,,,,,,1.0,,,,,Y,,105.93,15.47,20.0,114.00,90.00,,,,,,1.00
354,SLDA,Lab,27-Feb-2025,1425,AQ,,,QC,,,,25WW00001MSDUP,P1067230,,,,,,25SL0001,SLDA,,,,1,25WW00001MSDUP,06-Mar-2025,1200,,,,06-Mar-2025,1714,25SL0001MET1,25SL0001MET1,,,,NICKEL,MET,=,100.600,,3,4.99,3,0.054793,,ug/L,,,,,,,1.0,,,,,Y,,100.6,3.07,20.0,113.00,88.00,,,,,,10.00
357,SLDA,Lab,27-Feb-2025,1425,AQ,,,QC,,,,25WW00001MSDUP,P1067230,,,,,,25SL0001,SLDA,,,,1,25WW00001MSDUP,06-Mar-2025,1200,,,,06-Mar-2025,1714,25SL0001MET1,25SL0001MET1,,,,SELENIUM,MET,=,95.410,,3,5.0,3,0.035546,,ug/L,,,,,,,1.0,,,,,Y,,95.41,1.39,20.0,114.00,83.00,,,,,,0.20
358,SLDA,Lab,27-Feb-2025,1425,AQ,,,QC,,,,25WW00001MSDUP,P1067230,,,,,,25SL0001,SLDA,,,,1,25WW00001MSDUP,06-Mar-2025,1200,,,,06-Mar-2025,1714,25SL0001MET1,25SL0001MET1,,,,SILVER,MET,=,96.160,,3,5.0,3,0.220001,,ug/L,,,,,,,1.0,,,,,Y,,96.16,1.65,20.0,115.00,84.00,,,,,,1.00
360,SLDA,Lab,27-Feb-2025,1425,AQ,,,QC,,,,25WW00001MSDUP,P1067230,,,,,,25SL0001,SLDA,,,,1,25WW00001MSDUP,06-Mar-2025,1200,,,,06-Mar-2025,1714,25SL0001MET1,25SL0001MET1,,,,THALLIUM,MET,=,101.970,,3,5.0,3,0.021117,,ug/L,,,,,,,1.0,,,,,Y,,101.97,0.34,20.0,114.00,85.00,,,,,,0.20
361,SLDA,Lab,27-Feb-2025,1425,AQ,,,QC,,,,25WW00001MSDUP,P1067230,,,,,,25SL0001,SLDA,,,,1,25WW00001MSDUP,06-Mar-2025,1200,,,,06-Mar-2025,1714,25SL0001MET1,25SL0001MET1,,,,URANIUM,MET,=,104.220,,3,5.0,3,0.020346,,ug/L,,,,,,,1.0,,,,,Y,,104.22,0.37,20.0,119.00,84.00,,,,,,0.20
363,SLDA,Lab,27-Feb-2025,1425,AQ,,,QC,,,,25WW00001MSDUP,P1067230,,,,,,25SL0001,SLDA,,,,1,25WW00001MSDUP,06-Mar-2025,1200,,,,06-Mar-2025,1714,25SL0001MET1,25SL0001MET1,,,,ZINC,MET,=,98.840,,3,5.06,3,0.977933,,ug/L,,,,,,,1.0,,,,,Y,,98.84,0.99,20.0,115.00,87.00,,,,,,10.00
527,SLDA,Lab,27-Feb-2025,1425,AQ,,,QC,,,,25SL0001NH31BLK,P1067230,,,,,,25SL0001,SLDA,E350.1,SL039,,1,25SL0001NH31BLK,12-May-2025,0735,,,,04-Mar-2025,1227,25SL0001NH31,25SL0001NH31,,,,AMMONIA,ORG,=,0.000,,3,,,0.0336,,mg/L,,,,,,,1.0,,,,,Y,,,,,0.200,-0.200,,,,,,0.200
529,SLDA,A-WWTP,27-Feb-2025,1425,AQ,,,NO,,,,25WW00001,P1067230,,,,,,25SL0001,SLDA,E350.1,SL039,,1,25WW00001,12-May-2025,0735,,,,04-Mar-2025,1229,25SL0001NH31,25SL0001NH31,,,,AMMONIA,ORG,=,0.300,,3,,,0.0336,,mg/L,,,,,,,1.0,,,,,Y,,,,,,,,,,,,0.200
530,SLDA,Lab,27-Feb-2025,1425,AQ,,,QC,,,,25WW00001DUP,P1067230,,,,,,25SL0001,SLDA,E350.1,SL039,,1,25WW00001DUP,12-May-2025,0735,,,,04-Mar-2025,1228,25SL0001NH31,25SL0001NH31,,,,AMMONIA,ORG,=,0.320,,3,,,0.0336,,mg/L,,,,,,,1.0,,,,,Y,,,,20.0,,,,,,,,0.200
528,SLDA,Lab,27-Feb-2025,1425,AQ,,,QC,,,,25SL0001NH31LCS,P1067230,,,,,,25SL0001,SLDA,E350.1,SL039,,1,25SL0001NH31LCS,12-May-2025,0735,,,,04-Mar-2025,1228,25SL0001NH31,25SL0001NH31,,,,AMMONIA,ORG,=,0.980,,3,0.01,3,0.0336,,mg/L,,,,,,,1.0,,,,,Y,,98.0,,,120.00,80.00,,,,,,0.20
532,SLDA,A-WWTP,27-Feb-2025,1425,AQ,,,NO,,,,25WW00001,P1067230,,,,,,25SL0001,SLDA,C352.1,SL022,,1,25WW00001,09-May-2025,1350,,,,05-Mar-2025,1237,25SL0001NO21,25SL0001NO21,,,,NITRITES,ORG,ND,-0.004,,3,,,0.003819,,mg/L,,,,,,,1.0,,,,U,Y,,,,,,,,,,,,0.200
533,SLDA,Lab,27-Feb-2025,1425,AQ,,,QC,,,,25WW00001DUP,P1067230,,,,,,25SL0001,SLDA,C352.1,SL022,,1,25WW00001DUP,09-May-2025,1350,,,,05-Mar-2025,1237,25SL0001NO21,25SL0001NO21,,,,NITRITES,ORG,ND,0.001,,3,,,0.003819,,mg/L,,,,,,,1.0,,,,U,Y,,,,20.0,,,,,,,,0.200
531,SLDA,Lab,27-Feb-2025,1425,AQ,,,QC,,,,25SL0001NO21LCS,P1067230,,,,,,25SL0001,SLDA,C352.1,SL022,,1,25SL0001NO21LCS,09-May-2025,1350,,,,05-Mar-2025,1236,25SL0001NO21,25SL0001NO21,,,,NITRITES,ORG,=,0.403,,3,0.0,3,0.003819,,mg/L,,,,,,,1.0,,,,,Y,,100.75,,,120.00,80.00,,,,,,0.20
535,SLDA,A-WWTP,27-Feb-2025,1425,AQ,,,NO,,,,25WW00001,P1067230,,,,,,25SL0001,SLDA,C352.1,SL022,,1,25WW00001,09-May-2025,1409,,,,09-May-2025,1409,25SL0001NO31,25SL0001NO31,,,,NITRATES,ORG,ND,0.078,,3,,,0.066496,,mg/L,,,,,,,1.0,,,,U,Y,,,,,,,,,,,,0.250
536,SLDA,Lab,27-Feb-2025,1425,AQ,,,QC,,,,25WW00001DUP,P1067230,,,,,,25SL0001,SLDA,C352.1,SL022,,1,25WW00001DUP,09-May-2025,1409,,,,09-May-2025,1409,25SL0001NO31,25SL0001NO31,,,,NITRATES,ORG,ND,0.077,,3,,,0.066496,,mg/L,,,,,,,1.0,,,,U,Y,,,,20.0,,,,,,,,0.250
534,SLDA,Lab,27-Feb-2025,1425,AQ,,,QC,,,,25SL0001NO31LCS,P1067230,,,,,,25SL0001,SLDA,C352.1,SL022,,1,25SL0001NO31LCS,09-May-2025,1409,,,,09-May-2025,1409,25SL0001NO31,25SL0001NO31,,,,NITRATES,ORG,=,5.052,,3,0.02,3,0.066496,,mg/L,,,,,,,1.0,,,,,Y,,101.04,,,120.00,80.00,,,,,,0.25
541,SLDA,A-WWTP,27-Feb-2025,1425,AQ,,,NO,,,,25WW00001,P1067230,,,,,,25SL0001,SLDA,SM4500-H,SL024,,1,25WW00001,09-May-2025,1422,,,,06-Mar-2025,1048,25SL0001PH1,25SL0001PH1,,,,PH,ORG,=,7.088,,3,,,,,pH,,,,,,,1.0,,,,,Y,,,,,,,,,,,,
542,SLDA,Lab,27-Feb-2025,1425,AQ,,,QC,,,,25WW00001DUP,P1067230,,,,,,25SL0001,SLDA,SM4500-H,SL024,,1,25WW00001DUP,09-May-2025,1422,,,,06-Mar-2025,1052,25SL0001PH1,25SL0001PH1,,,,PH,ORG,=,7.088,,3,,,,,pH,,,,,,,1.0,,,,,Y,,,,20.0,,,,,,,,
537,SLDA,Lab,27-Feb-2025,1425,AQ,,,QC,,,,25SL0001TSS1BLK,P1067230,,,,,,25SL0001,SLDA,A2540D,SL023,,1,25SL0001TSS1BLK,09-May-2025,1439,,,,11-Mar-2025,0758,25SL0001TSS1,25SL0001TSS1,,,,TSS,ORG,=,-0.100,,3,,,3.173,,mg/L,,,,,,,1.0,,,,,Y,,,,,8.000,-8.000,,,,,,8.000
539,SLDA,A-WWTP,27-Feb-2025,1425,AQ,,,NO,,,,25WW00001,P1067230,,,,,,25SL0001,SLDA,A2540D,SL023,,1,25WW00001,09-May-2025,1439,,,,11-Mar-2025,0805,25SL0001TSS1,25SL0001TSS1,,,,TSS,ORG,ND,0.286,,3,,,3.173,,mg/L,,,,,,,1.0,,,,U,Y,,,,,,,,,,,,8.000
540,SLDA,Lab,27-Feb-2025,1425,AQ,,,QC,,,,25WW00001DUP,P1067230,,,,,,25SL0001,SLDA,A2540D,SL023,,1,25WW00001DUP,09-May-2025,1439,,,,11-Mar-2025,0803,25SL0001TSS1,25SL0001TSS1,,,,TSS,ORG,ND,0.000,,3,,,3.173,,mg/L,,,,,,,1.0,,,,U,Y,,,,20.0,,,,,,,,8.000
538,SLDA,Lab,27-Feb-2025,1425,AQ,,,QC,,,,25SL0001TSS1LCS,P1067230,,,,,,25SL0001,SLDA,A2540D,SL023,,1,25SL0001TSS1LCS,09-May-2025,1439,,,,11-Mar-2025,0801,25SL0001TSS1,25SL0001TSS1,,,,TSS,ORG,=,102.000,,3,10.0,3,3.173,,mg/L,,,,,,,1.0,,,,,Y,,102.0,,,120.00,80.00,,,,,,8.00
