AlphaBatchID,Detector,AnalysisDateTime,SampleDate,SampleAliquot,SampleID,ActivityUnits,MassUnits,TracerAliquotGrams,FileName,PercentAbundance,MDAConfidenceFactor,MDALLDConstant,EnergyCalibrationDateTime,EfficiencyCalibrationDateTime,BackgroundFile,TracerRecovery,AlphaChamber,ChamberEfficiency,AcquisitionDateTime,ElapsedLiveTime,TracerFWHM,Analyte,NetArea,BackgroundArea,Activity,Uncertainty,MDC
YU02,DET 1,10/3/2024 13:28:48,9/9/2024 12:00:03,4.02000E-01,24LC14-FSS-30-T523-0909-009,pCi,grams,2.67500E-01,U232-LRS038,1.00000E+02,3.2900,3.0000,12/26/2023 11:34:56,12/26/2023 11:34:57,C:\Canberra\ApexAlpha\Root\Data\0000025018.Cnf,7.57454E+01,A_1_1A,1.93848E+01,10/1/2024 13:21:38,1.44000E+04,1.89654E+01,U232,3.27000E+02,0.00000E+00,1.04249E+01,1.29394E+00,2.00528E-01
YU02,DET 1,10/3/2024 13:28:48,9/9/2024 12:00:03,4.02000E-01,24LC14-FSS-30-T523-0909-009,pCi,grams,2.67500E-01,U232-LRS038,1.00000E+02,3.2900,3.0000,12/26/2023 11:34:56,12/26/2023 11:34:57,C:\Canberra\ApexAlpha\Root\Data\0000025018.Cnf,7.57454E+01,A_1_1A,1.93848E+01,10/1/2024 13:21:38,1.44000E+04,1.89654E+01,U-234,3.46667E+01,3.33333E-01,1.10452E+00,4.01421E-01,1.60952E-01
YU02,DET 1,10/3/2024 13:28:48,9/9/2024 12:00:03,4.02000E-01,24LC14-FSS-30-T523-0909-009,pCi,grams,2.67500E-01,U232-LRS038,1.00000E+02,3.2900,3.0000,12/26/2023 11:34:56,12/26/2023 11:34:57,C:\Canberra\ApexAlpha\Root\Data\0000025018.Cnf,7.57454E+01,A_1_1A,1.93848E+01,10/1/2024 13:21:38,1.44000E+04,1.89654E+01,U-235,2.83333E+00,1.66666E-01,1.11363E-01,1.37481E-01,1.74935E-01
YU02,DET 1,10/3/2024 13:28:48,9/9/2024 12:00:03,4.02000E-01,24LC14-FSS-30-T523-0909-009,pCi,grams,2.67500E-01,U232-LRS038,1.00000E+02,3.2900,3.0000,12/26/2023 11:34:56,12/26/2023 11:34:57,C:\Canberra\ApexAlpha\Root\Data\0000025018.Cnf,7.57454E+01,A_1_1A,1.93848E+01,10/1/2024 13:21:38,1.44000E+04,1.89654E+01,U-238,4.60000E+01,0.00000E+00,1.45932E+00,4.71190E-01,1.99547E-01
YU02,DET 15,10/3/2024 13:28:48,9/30/2024 16:00:03,2.57200E-01,24LLB0005BLK,pCi,grams,2.69000E-01,U232-LRS038,1.00000E+02,3.2900,3.0000,1/2/2024 11:40:57,1/2/2024 11:40:58,C:\Canberra\ApexAlpha\Root\Data\0000025008.Cnf,9.39226E+01,B_1_2A,1.96267E+01,10/1/2024 13:22:01,1.44000E+04,2.89202E+01,U232,4.12833E+02,1.66667E-01,1.63758E+01,1.85486E+00,1.76548E-01
YU02,DET 15,10/3/2024 13:28:48,9/30/2024 16:00:03,2.57200E-01,24LLB0005BLK,pCi,grams,2.69000E-01,U232-LRS038,1.00000E+02,3.2900,3.0000,1/2/2024 11:40:57,1/2/2024 11:40:58,C:\Canberra\ApexAlpha\Root\Data\0000025008.Cnf,9.39226E+01,B_1_2A,1.96267E+01,10/1/2024 13:22:01,1.44000E+04,2.89202E+01,U-234,2.00000E+00,0.00000E+00,7.93319E-02,1.37700E-01,2.49499E-01
YU02,DET 15,10/3/2024 13:28:48,9/30/2024 16:00:03,2.57200E-01,24LLB0005BLK,pCi,grams,2.69000E-01,U232-LRS038,1.00000E+02,3.2900,3.0000,1/2/2024 11:40:57,1/2/2024 11:40:58,C:\Canberra\ApexAlpha\Root\Data\0000025008.Cnf,9.39226E+01,B_1_2A,1.96267E+01,10/1/2024 13:22:01,1.44000E+04,2.89202E+01,U-235,0.00000E+00,0.00000E+00,0.00000E+00,1.38403E-01,3.07787E-01
YU02,DET 15,10/3/2024 13:28:48,9/30/2024 16:00:03,2.57200E-01,24LLB0005BLK,pCi,grams,2.69000E-01,U232-LRS038,1.00000E+02,3.2900,3.0000,1/2/2024 11:40:57,1/2/2024 11:40:58,C:\Canberra\ApexAlpha\Root\Data\0000025008.Cnf,9.39226E+01,B_1_2A,1.96267E+01,10/1/2024 13:22:01,1.44000E+04,2.89202E+01,U-238,1.83333E+00,1.66667E-01,7.24089E-02,1.12783E-01,1.75786E-01
YU02,DET 16,10/3/2024 13:28:49,12/8/2021 12:00:03,2.63800E-01,24LLB0005LCS,pCi,grams,2.67700E-01,U232-LRS038,1.00000E+02,3.2900,3.0000,1/2/2024 11:41:46,1/2/2024 11:41:46,C:\Canberra\ApexAlpha\Root\Data\0000025009.Cnf,9.12756E+01,B_1_2B,2.00563E+01,10/1/2024 13:22:02,1.44000E+04,1.06365E+01,U232,4.08000E+02,0.00000E+00,1.63449E+01,1.86103E+00,2.51984E-01
YU02,DET 16,10/3/2024 13:28:49,12/8/2021 12:00:03,2.63800E-01,24LLB0005LCS,pCi,grams,2.67700E-01,U232-LRS038,1.00000E+02,3.2900,3.0000,1/2/2024 11:41:46,1/2/2024 11:41:46,C:\Canberra\ApexAlpha\Root\Data\0000025009.Cnf,9.12756E+01,B_1_2B,2.00563E+01,10/1/2024 13:22:02,1.44000E+04,1.06365E+01,U-234,3.79833E+02,1.66667E-01,1.47918E+01,2.26755E+00,1.73325E-01
YU02,DET 16,10/3/2024 13:28:49,12/8/2021 12:00:03,2.63800E-01,24LLB0005LCS,pCi,grams,2.67700E-01,U232-LRS038,1.00000E+02,3.2900,3.0000,1/2/2024 11:41:46,1/2/2024 11:41:46,C:\Canberra\ApexAlpha\Root\Data\0000025009.Cnf,9.12756E+01,B_1_2B,2.00563E+01,10/1/2024 13:22:02,1.44000E+04,1.06365E+01,U-235,1.70000E+01,0.00000E+00,8.16687E-01,4.18108E-01,3.02174E-01
YU02,DET 16,10/3/2024 13:28:49,12/8/2021 12:00:03,2.63800E-01,24LLB0005LCS,pCi,grams,2.67700E-01,U232-LRS038,1.00000E+02,3.2900,3.0000,1/2/2024 11:41:46,1/2/2024 11:41:46,C:\Canberra\ApexAlpha\Root\Data\0000025009.Cnf,9.12756E+01,B_1_2B,2.00563E+01,10/1/2024 13:22:02,1.44000E+04,1.06365E+01,U-238,3.77833E+02,1.66667E-01,1.46507E+01,2.24859E+00,1.72580E-01
YU02,DET 3,10/3/2024 13:28:49,9/9/2024 12:00:03,4.09000E-01,24LC14-FSS-30-T523-0909-010,pCi,grams,2.67500E-01,U232-LRS038,1.00000E+02,3.2900,3.0000,12/26/2023 11:36:22,12/26/2023 11:36:23,C:\Canberra\ApexAlpha\Root\Data\0000025020.Cnf,8.25998E+01,A_1_2A,1.99416E+01,10/1/2024 13:21:41,1.44000E+04,9.48057E+00,U232,3.66833E+02,1.66667E-01,1.02465E+01,1.21437E+00,1.24320E-01
YU02,DET 3,10/3/2024 13:28:49,9/9/2024 12:00:03,4.09000E-01,24LC14-FSS-30-T523-0909-010,pCi,grams,2.67500E-01,U232-LRS038,1.00000E+02,3.2900,3.0000,12/26/2023 11:36:22,12/26/2023 11:36:23,C:\Canberra\ApexAlpha\Root\Data\0000025020.Cnf,8.25998E+01,A_1_2A,1.99416E+01,10/1/2024 13:21:41,1.44000E+04,9.48057E+00,U-234,4.30000E+01,0.00000E+00,1.20036E+00,3.96723E-01,1.75588E-01
YU02,DET 3,10/3/2024 13:28:49,9/9/2024 12:00:03,4.09000E-01,24LC14-FSS-30-T523-0909-010,pCi,grams,2.67500E-01,U232-LRS038,1.00000E+02,3.2900,3.0000,12/26/2023 11:36:22,12/26/2023 11:36:23,C:\Canberra\ApexAlpha\Root\Data\0000025020.Cnf,8.25998E+01,A_1_2A,1.99416E+01,10/1/2024 13:21:41,1.44000E+04,9.48057E+00,U-235,8.33333E-01,1.66667E-01,2.86975E-02,6.99068E-02,1.53271E-01
YU02,DET 3,10/3/2024 13:28:49,9/9/2024 12:00:03,4.09000E-01,24LC14-FSS-30-T523-0909-010,pCi,grams,2.67500E-01,U232-LRS038,1.00000E+02,3.2900,3.0000,12/26/2023 11:36:22,12/26/2023 11:36:23,C:\Canberra\ApexAlpha\Root\Data\0000025020.Cnf,8.25998E+01,A_1_2A,1.99416E+01,10/1/2024 13:21:41,1.44000E+04,9.48057E+00,U-238,5.06667E+01,3.33333E-01,1.40831E+00,4.30858E-01,1.40414E-01
YU02,DET 5 ,10/3/2024 13:28:49,9/9/2024 12:00:03,4.29300E-01,24LC14-FSS-30-T523-0909-010D,pCi,grams,2.66600E-01,U232-LRS038,1.00000E+02,3.2900,3.0000,12/26/2023 11:37:32,12/26/2023 11:37:33,C:\Canberra\ApexAlpha\Root\Data\0000025010.Cnf,8.11483E+01,A_1_3A,1.98486E+01,10/1/2024 13:21:42,1.44000E+04,4.71263E+00,U232,3.57500E+02,4.99999E-01,9.72914E+00,1.16519E+00,1.50027E-01
YU02,DET 5 ,10/3/2024 13:28:49,9/9/2024 12:00:03,4.29300E-01,24LC14-FSS-30-T523-0909-010D,pCi,grams,2.66600E-01,U232-LRS038,1.00000E+02,3.2900,3.0000,12/26/2023 11:37:32,12/26/2023 11:37:33,C:\Canberra\ApexAlpha\Root\Data\0000025010.Cnf,8.11483E+01,A_1_3A,1.98486E+01,10/1/2024 13:21:42,1.44000E+04,4.71263E+00,U-234,3.48333E+01,1.66666E-01,9.47392E-01,3.41346E-01,1.21051E-01
YU02,DET 5 ,10/3/2024 13:28:49,9/9/2024 12:00:03,4.29300E-01,24LC14-FSS-30-T523-0909-010D,pCi,grams,2.66600E-01,U232-LRS038,1.00000E+02,3.2900,3.0000,12/26/2023 11:37:32,12/26/2023 11:37:33,C:\Canberra\ApexAlpha\Root\Data\0000025010.Cnf,8.11483E+01,A_1_3A,1.98486E+01,10/1/2024 13:21:42,1.44000E+04,4.71263E+00,U-235,2.00000E+00,0.00000E+00,6.71037E-02,1.16505E-01,2.11041E-01
YU02,DET 5 ,10/3/2024 13:28:49,9/9/2024 12:00:03,4.29300E-01,24LC14-FSS-30-T523-0909-010D,pCi,grams,2.66600E-01,U232-LRS038,1.00000E+02,3.2900,3.0000,12/26/2023 11:37:32,12/26/2023 11:37:33,C:\Canberra\ApexAlpha\Root\Data\0000025010.Cnf,8.11483E+01,A_1_3A,1.98486E+01,10/1/2024 13:21:42,1.44000E+04,4.71263E+00,U-238,4.20000E+01,0.00000E+00,1.13741E+00,3.80393E-01,1.70341E-01
YU02,DET 6 ,10/3/2024 13:28:50,9/9/2024 12:00:03,4.10100E-01,24LC14-FSS-30-T523-0909-011,pCi,grams,2.66300E-01,U232-LRS038,1.00000E+02,3.2900,3.0000,12/26/2023 11:37:46,12/26/2023 11:37:47,C:\Canberra\ApexAlpha\Root\Data\0000025011.Cnf,7.39099E+01,A_1_3B,2.03219E+01,10/1/2024 13:21:45,1.44000E+04,3.12139E+01,U232,3.33000E+02,0.00000E+00,1.01732E+01,1.25358E+00,1.92160E-01
YU02,DET 6 ,10/3/2024 13:28:50,9/9/2024 12:00:03,4.10100E-01,24LC14-FSS-30-T523-0909-011,pCi,grams,2.66300E-01,U232-LRS038,1.00000E+02,3.2900,3.0000,12/26/2023 11:37:46,12/26/2023 11:37:47,C:\Canberra\ApexAlpha\Root\Data\0000025011.Cnf,7.39099E+01,A_1_3B,2.03219E+01,10/1/2024 13:21:45,1.44000E+04,3.12139E+01,U-234,4.06667E+01,3.33333E-01,1.24162E+00,4.20109E-01,1.54235E-01
YU02,DET 6 ,10/3/2024 13:28:50,9/9/2024 12:00:03,4.10100E-01,24LC14-FSS-30-T523-0909-011,pCi,grams,2.66300E-01,U232-LRS038,1.00000E+02,3.2900,3.0000,12/26/2023 11:37:46,12/26/2023 11:37:47,C:\Canberra\ApexAlpha\Root\Data\0000025011.Cnf,7.39099E+01,A_1_3B,2.03219E+01,10/1/2024 13:21:45,1.44000E+04,3.12139E+01,U-235,2.00000E+00,0.00000E+00,7.53287E-02,1.30803E-01,2.36909E-01
YU02,DET 6 ,10/3/2024 13:28:50,9/9/2024 12:00:03,4.10100E-01,24LC14-FSS-30-T523-0909-011,pCi,grams,2.66300E-01,U232-LRS038,1.00000E+02,3.2900,3.0000,12/26/2023 11:37:46,12/26/2023 11:37:47,C:\Canberra\ApexAlpha\Root\Data\0000025011.Cnf,7.39099E+01,A_1_3B,2.03219E+01,10/1/2024 13:21:45,1.44000E+04,3.12139E+01,U-238,3.96667E+01,3.33333E-01,1.20589E+00,4.12500E-01,1.53574E-01
