Sample Name,Date and Time Acquired,Dilution Factor,Misc. Info or Comment,Data File Name,Batch Name,Data Path,Operator,Instrument Name,Sample Weight or Volume,Final Weight or Volume,Dilution Multiplier,Analyte,Element Full Name,Mass,ISTD Ref Mass,Concentration,Conc RSD,CPS Mean,CPS Rep1,CPS Rep2,CPS Rep3,CPS Rep4,CPS Rep5,CPS RSD,Units
AF_CalBLK,10/3/2024 15:53,1,,008CALB.d,ICPMS2_ISIS_241003_AF.b,D:\Agilent\ICPMH\1\DATA,RScheanwald,ICP-MS,1,1,1,Li,lithium,6,,,,3410972.88,3468107.69,3399991.76,3351204.72,3387363.23,3448196.99,1.4,
AF_CalBLK,10/3/2024 15:53,1,,008CALB.d,ICPMS2_ISIS_241003_AF.b,D:\Agilent\ICPMH\1\DATA,RScheanwald,ICP-MS,1,1,1,Be,beryllium,9,6,0,N/A,43.33,33.33,50,33.33,50,50,21.1,ug/sample
AF_CalBLK,10/3/2024 15:53,1,,008CALB.d,ICPMS2_ISIS_241003_AF.b,D:\Agilent\ICPMH\1\DATA,RScheanwald,ICP-MS,1,1,1,Sc,scandium,45,,,,12940919.28,13192548.96,12915552.6,12724395.82,12778959.45,13093139.55,1.5,
AF_CalBLK,10/3/2024 15:53,1,,008CALB.d,ICPMS2_ISIS_241003_AF.b,D:\Agilent\ICPMH\1\DATA,RScheanwald,ICP-MS,1,1,1,Tb,terbium,159,,,,5270425.2,5266236.19,5434015.75,5141613.92,5240236.58,5270023.56,2,
AF_CalBLK,10/3/2024 15:53,1,,008CALB.d,ICPMS2_ISIS_241003_AF.b,D:\Agilent\ICPMH\1\DATA,RScheanwald,ICP-MS,1,1,1,Pb,lead,208,,0,N/A,855.61,883.38,916.73,Rejected,Rejected,Rejected,9.2,ug/sample
AF_CalBLK,10/3/2024 15:53,1,,008CALB.d,ICPMS2_ISIS_241003_AF.b,D:\Agilent\ICPMH\1\DATA,RScheanwald,ICP-MS,1,1,1,Bi,bismuth,209,,,,4253364.05,4219433.17,4294972.62,4186816.37,4193847.36,4371750.75,1.9,
AF_0.005Cal_240930,10/3/2024 15:54,1,,009CALS.d,ICPMS2_ISIS_241003_AF.b,D:\Agilent\ICPMH\1\DATA,RScheanwald,ICP-MS,1,1,1,Li,lithium,6,,,,3415803.43,3366293.06,3466048.73,3358963.99,3493994.78,3393716.61,1.8,
AF_0.005Cal_240930,10/3/2024 15:54,1,,009CALS.d,ICPMS2_ISIS_241003_AF.b,D:\Agilent\ICPMH\1\DATA,RScheanwald,ICP-MS,1,1,1,Be,beryllium,9,6,0.0044,4,1226.78,1166.78,1216.78,1283.45,1250.11,1216.78,3.5,ug/sample
AF_0.005Cal_240930,10/3/2024 15:54,1,,009CALS.d,ICPMS2_ISIS_241003_AF.b,D:\Agilent\ICPMH\1\DATA,RScheanwald,ICP-MS,1,1,1,Sc,scandium,45,,,,12843297.22,12498067,12867259.93,12994010.11,13007017.5,12850131.55,1.6,
AF_0.005Cal_240930,10/3/2024 15:54,1,,009CALS.d,ICPMS2_ISIS_241003_AF.b,D:\Agilent\ICPMH\1\DATA,RScheanwald,ICP-MS,1,1,1,Tb,terbium,159,,,,5241232.18,5179202.72,5268755.2,5256824.86,5282540.87,5218837.23,0.8,
AF_0.005Cal_240930,10/3/2024 15:54,1,,009CALS.d,ICPMS2_ISIS_241003_AF.b,D:\Agilent\ICPMH\1\DATA,RScheanwald,ICP-MS,1,1,1,Pb,lead,208,,0.0044,1.8,6367.66,6417.67,Rejected,6251.03,Rejected,6434.29,1.6,ug/sample
AF_0.005Cal_240930,10/3/2024 15:54,1,,009CALS.d,ICPMS2_ISIS_241003_AF.b,D:\Agilent\ICPMH\1\DATA,RScheanwald,ICP-MS,1,1,1,Bi,bismuth,209,,,,4247734.83,4201130.69,4276040.59,4253645.28,4261768.32,4246089.29,0.7,
AF_0.05Cal_240930,10/3/2024 15:55,1,,010CALS.d,ICPMS2_ISIS_241003_AF.b,D:\Agilent\ICPMH\1\DATA,RScheanwald,ICP-MS,1,1,1,Li,lithium,6,,,,3412929.73,3344151.52,3399427.06,3405379.56,3374340.67,3541349.84,2.2,
AF_0.05Cal_240930,10/3/2024 15:55,1,,010CALS.d,ICPMS2_ISIS_241003_AF.b,D:\Agilent\ICPMH\1\DATA,RScheanwald,ICP-MS,1,1,1,Be,beryllium,9,6,0.0437,2,11765.25,11204.9,11688.6,12055.39,11555,12322.36,3.7,ug/sample
AF_0.05Cal_240930,10/3/2024 15:55,1,,010CALS.d,ICPMS2_ISIS_241003_AF.b,D:\Agilent\ICPMH\1\DATA,RScheanwald,ICP-MS,1,1,1,Sc,scandium,45,,,,12933750.36,12814793.09,12774712.7,12885795.97,12934944.8,13258505.23,1.5,
AF_0.05Cal_240930,10/3/2024 15:55,1,,010CALS.d,ICPMS2_ISIS_241003_AF.b,D:\Agilent\ICPMH\1\DATA,RScheanwald,ICP-MS,1,1,1,Tb,terbium,159,,,,5288218.32,5438939.7,5276519.39,5252355.85,5237793.35,5235483.32,1.6,
AF_0.05Cal_240930,10/3/2024 15:55,1,,010CALS.d,ICPMS2_ISIS_241003_AF.b,D:\Agilent\ICPMH\1\DATA,RScheanwald,ICP-MS,1,1,1,Pb,lead,208,,0.043,0.9,54491.93,Rejected,53947.34,Rejected,54747.95,54780.51,0.9,ug/sample
AF_0.05Cal_240930,10/3/2024 15:55,1,,010CALS.d,ICPMS2_ISIS_241003_AF.b,D:\Agilent\ICPMH\1\DATA,RScheanwald,ICP-MS,1,1,1,Bi,bismuth,209,,,,4232420.98,4246613.64,4197289.03,4315689.03,4215256.47,4187256.73,1.2,
AF_0.5Cal_240930,10/3/2024 15:56,1,,011CALS.d,ICPMS2_ISIS_241003_AF.b,D:\Agilent\ICPMH\1\DATA,RScheanwald,ICP-MS,1,1,1,Li,lithium,6,,,,3389494.52,3345752.74,3409508.41,3295744.06,3462552.39,3433915.01,2,
AF_0.5Cal_240930,10/3/2024 15:56,1,,011CALS.d,ICPMS2_ISIS_241003_AF.b,D:\Agilent\ICPMH\1\DATA,RScheanwald,ICP-MS,1,1,1,Be,beryllium,9,6,0.4697,2.7,125107.5,119815.88,124659.35,126891.93,128606.75,125563.61,2.6,ug/sample
AF_0.5Cal_240930,10/3/2024 15:56,1,,011CALS.d,ICPMS2_ISIS_241003_AF.b,D:\Agilent\ICPMH\1\DATA,RScheanwald,ICP-MS,1,1,1,Sc,scandium,45,,,,12922440.67,12748359.16,12889353.27,12735237.6,13302888.04,12936365.28,1.8,
AF_0.5Cal_240930,10/3/2024 15:56,1,,011CALS.d,ICPMS2_ISIS_241003_AF.b,D:\Agilent\ICPMH\1\DATA,RScheanwald,ICP-MS,1,1,1,Tb,terbium,159,,,,5253912.46,5129285.79,5330072.25,5266520.82,5333954.16,5209729.28,1.6,
AF_0.5Cal_240930,10/3/2024 15:56,1,,011CALS.d,ICPMS2_ISIS_241003_AF.b,D:\Agilent\ICPMH\1\DATA,RScheanwald,ICP-MS,1,1,1,Pb,lead,208,,0.426,2.2,531902.83,518520.03,Rejected,Rejected,538413.72,538774.74,2.2,ug/sample
AF_0.5Cal_240930,10/3/2024 15:56,1,,011CALS.d,ICPMS2_ISIS_241003_AF.b,D:\Agilent\ICPMH\1\DATA,RScheanwald,ICP-MS,1,1,1,Bi,bismuth,209,,,,4185674.16,4104307.9,4292978.87,4210029.91,4142045.93,4179008.17,1.7,
AF_5Cal_240930,10/3/2024 15:57,1,,012CALS.d,ICPMS2_ISIS_241003_AF.b,D:\Agilent\ICPMH\1\DATA,RScheanwald,ICP-MS,1,1,1,Li,lithium,6,,,,3399205.46,3320132.44,3412539.66,3521767.37,3300524.26,3441063.57,2.7,
AF_5Cal_240930,10/3/2024 15:57,1,,012CALS.d,ICPMS2_ISIS_241003_AF.b,D:\Agilent\ICPMH\1\DATA,RScheanwald,ICP-MS,1,1,1,Be,beryllium,9,6,5.0366,2.4,1344626.08,1324282.26,1346849.87,1346878.94,1350548.17,1354571.16,0.9,ug/sample
AF_5Cal_240930,10/3/2024 15:57,1,,012CALS.d,ICPMS2_ISIS_241003_AF.b,D:\Agilent\ICPMH\1\DATA,RScheanwald,ICP-MS,1,1,1,Sc,scandium,45,,,,12817933.23,12551927.74,13104037.95,12897129.17,12582528.34,12954042.96,1.9,
AF_5Cal_240930,10/3/2024 15:57,1,,012CALS.d,ICPMS2_ISIS_241003_AF.b,D:\Agilent\ICPMH\1\DATA,RScheanwald,ICP-MS,1,1,1,Tb,terbium,159,,,,5295050.67,5303484.75,5301269.78,5422143.09,5298485.8,5149869.91,1.8,
AF_5Cal_240930,10/3/2024 15:57,1,,012CALS.d,ICPMS2_ISIS_241003_AF.b,D:\Agilent\ICPMH\1\DATA,RScheanwald,ICP-MS,1,1,1,Pb,lead,208,,4.7081,1.7,5870351.84,5988313.61,5806903.45,Rejected,Rejected,5815838.45,1.7,ug/sample
AF_5Cal_240930,10/3/2024 15:57,1,,012CALS.d,ICPMS2_ISIS_241003_AF.b,D:\Agilent\ICPMH\1\DATA,RScheanwald,ICP-MS,1,1,1,Bi,bismuth,209,,,,4213094.37,4133377.96,4148259.34,4366524.32,4217628.09,4199682.13,2.2,
AF_50Cal_240930,10/3/2024 15:58,1,,013CALS.d,ICPMS2_ISIS_241003_AF.b,D:\Agilent\ICPMH\1\DATA,RScheanwald,ICP-MS,1,1,1,Li,lithium,6,,,,3387773.46,3416384.33,3348355.51,3466785.5,3365177.14,3342164.84,1.6,
AF_50Cal_240930,10/3/2024 15:58,1,,013CALS.d,ICPMS2_ISIS_241003_AF.b,D:\Agilent\ICPMH\1\DATA,RScheanwald,ICP-MS,1,1,1,Be,beryllium,9,6,49.9966,1.8,13306586.81,13237040.66,13185115.14,13352395.87,13570752.91,13187629.46,1.2,ug/sample
AF_50Cal_240930,10/3/2024 15:58,1,,013CALS.d,ICPMS2_ISIS_241003_AF.b,D:\Agilent\ICPMH\1\DATA,RScheanwald,ICP-MS,1,1,1,Sc,scandium,45,,,,12916407.7,13028773,12636052.8,13024597.58,12997482.65,12895132.49,1.3,
AF_50Cal_240930,10/3/2024 15:58,1,,013CALS.d,ICPMS2_ISIS_241003_AF.b,D:\Agilent\ICPMH\1\DATA,RScheanwald,ICP-MS,1,1,1,Tb,terbium,159,,,,5288407.83,5452328.25,5109876.16,5213194.91,5350656.24,5315983.58,2.5,
AF_50Cal_240930,10/3/2024 15:58,1,,013CALS.d,ICPMS2_ISIS_241003_AF.b,D:\Agilent\ICPMH\1\DATA,RScheanwald,ICP-MS,1,1,1,Pb,lead,208,,50.0299,2.1,62372368.58,Rejected,60926871.41,62805745.41,Rejected,63384488.92,2.1,ug/sample
AF_50Cal_240930,10/3/2024 15:58,1,,013CALS.d,ICPMS2_ISIS_241003_AF.b,D:\Agilent\ICPMH\1\DATA,RScheanwald,ICP-MS,1,1,1,Bi,bismuth,209,,,,4249674.19,4276775.23,4009941.11,4262922.62,4324819.24,4373912.73,3.3,
AF_ICV_241003,10/3/2024 15:58,1,,014_ICV.d,ICPMS2_ISIS_241003_AF.b,D:\Agilent\ICPMH\1\DATA,RScheanwald,ICP-MS,1,1,1,Li,lithium,6,,,,3522134.26,3472823.65,3442379.34,3515722.74,3602934.67,3576810.92,1.9,
AF_ICV_241003,10/3/2024 15:58,1,,014_ICV.d,ICPMS2_ISIS_241003_AF.b,D:\Agilent\ICPMH\1\DATA,RScheanwald,ICP-MS,1,1,1,Be,beryllium,9,6,2.3285,1.8,644347.7,650366.39,636343.18,637372.54,657648.42,640007.96,1.4,ug/sample
AF_ICV_241003,10/3/2024 15:58,1,,014_ICV.d,ICPMS2_ISIS_241003_AF.b,D:\Agilent\ICPMH\1\DATA,RScheanwald,ICP-MS,1,1,1,Sc,scandium,45,,,,13110278.63,13265761.23,12805439.99,13051905.51,13280541.95,13147744.47,1.5,
AF_ICV_241003,10/3/2024 15:58,1,,014_ICV.d,ICPMS2_ISIS_241003_AF.b,D:\Agilent\ICPMH\1\DATA,RScheanwald,ICP-MS,1,1,1,Tb,terbium,159,,,,5342290.33,5442745.69,5391559.89,5230446.21,5267240.61,5379459.23,1.7,
AF_ICV_241003,10/3/2024 15:58,1,,014_ICV.d,ICPMS2_ISIS_241003_AF.b,D:\Agilent\ICPMH\1\DATA,RScheanwald,ICP-MS,1,1,1,Pb,lead,208,,2.3258,4.4,2900344.45,3112593.12,2900156,2835135.95,2779607.02,2874230.15,4.4,ug/sample
AF_ICV_241003,10/3/2024 15:58,1,,014_ICV.d,ICPMS2_ISIS_241003_AF.b,D:\Agilent\ICPMH\1\DATA,RScheanwald,ICP-MS,1,1,1,Bi,bismuth,209,,,,4360823.85,4360479.65,4434907.13,4297239.68,4307985.64,4403507.13,1.4,
AF_ICB,10/3/2024 16:00,1,,016_ICB.d,ICPMS2_ISIS_241003_AF.b,D:\Agilent\ICPMH\1\DATA,RScheanwald,ICP-MS,1,1,1,Li,lithium,6,,,,3470253.24,3485813.83,3436971.79,3524425.28,3420670.38,3483384.91,1.2,
AF_ICB,10/3/2024 16:00,1,,016_ICB.d,ICPMS2_ISIS_241003_AF.b,D:\Agilent\ICPMH\1\DATA,RScheanwald,ICP-MS,1,1,1,Be,beryllium,9,6,0.002,14,596.71,733.39,566.71,550.04,583.38,550.04,13,ug/sample
AF_ICB,10/3/2024 16:00,1,,016_ICB.d,ICPMS2_ISIS_241003_AF.b,D:\Agilent\ICPMH\1\DATA,RScheanwald,ICP-MS,1,1,1,Sc,scandium,45,,,,12981733.15,13049502.17,12829571.93,13238690.1,12902488.91,12888412.65,1.3,
AF_ICB,10/3/2024 16:00,1,,016_ICB.d,ICPMS2_ISIS_241003_AF.b,D:\Agilent\ICPMH\1\DATA,RScheanwald,ICP-MS,1,1,1,Tb,terbium,159,,,,5191341.7,5368646.34,5172670.17,5221356.37,5061549.33,5132486.31,2.2,
AF_ICB,10/3/2024 16:00,1,,016_ICB.d,ICPMS2_ISIS_241003_AF.b,D:\Agilent\ICPMH\1\DATA,RScheanwald,ICP-MS,1,1,1,Pb,lead,208,,0.003,8.9,4537.24,4383.86,4767.31,4533.93,4917.31,4083.78,7.2,ug/sample
AF_ICB,10/3/2024 16:00,1,,016_ICB.d,ICPMS2_ISIS_241003_AF.b,D:\Agilent\ICPMH\1\DATA,RScheanwald,ICP-MS,1,1,1,Bi,bismuth,209,,,,4198032.59,4299380.56,4252532.65,4172648.4,4092364.94,4173236.42,1.9,
AF_ICSA_240220,10/3/2024 16:01,1,,017ICSA.d,ICPMS2_ISIS_241003_AF.b,D:\Agilent\ICPMH\1\DATA,RScheanwald,ICP-MS,1,1,1,Li,lithium,6,,,,3430680.41,3372893.7,3393034.67,3500287.18,3403030.5,3484156.02,1.7,
AF_ICSA_240220,10/3/2024 16:01,1,,017ICSA.d,ICPMS2_ISIS_241003_AF.b,D:\Agilent\ICPMH\1\DATA,RScheanwald,ICP-MS,1,1,1,Be,beryllium,9,6,0.0013,29.3,406.7,450.03,250.02,400.03,383.36,550.04,26.8,ug/sample
AF_ICSA_240220,10/3/2024 16:01,1,,017ICSA.d,ICPMS2_ISIS_241003_AF.b,D:\Agilent\ICPMH\1\DATA,RScheanwald,ICP-MS,1,1,1,Sc,scandium,45,,,,12937851.39,12767624.67,12841639.31,13233558.09,12941034.95,12905399.95,1.4,
AF_ICSA_240220,10/3/2024 16:01,1,,017ICSA.d,ICPMS2_ISIS_241003_AF.b,D:\Agilent\ICPMH\1\DATA,RScheanwald,ICP-MS,1,1,1,Tb,terbium,159,,,,5275121.65,5217379.8,5312859.1,5272334.1,5280931.37,5292103.89,0.7,
AF_ICSA_240220,10/3/2024 16:01,1,,017ICSA.d,ICPMS2_ISIS_241003_AF.b,D:\Agilent\ICPMH\1\DATA,RScheanwald,ICP-MS,1,1,1,Pb,lead,208,,0.0022,9.2,3590.41,3767.08,3817.11,3183.68,3550.43,3633.73,7,ug/sample
AF_ICSA_240220,10/3/2024 16:01,1,,017ICSA.d,ICPMS2_ISIS_241003_AF.b,D:\Agilent\ICPMH\1\DATA,RScheanwald,ICP-MS,1,1,1,Bi,bismuth,209,,,,4222556.19,4282567.93,4312414.55,4172396.84,4187739.42,4157662.2,1.7,
AF_ICSAB_240220,10/3/2024 16:02,1,,018ICSB.d,ICPMS2_ISIS_241003_AF.b,D:\Agilent\ICPMH\1\DATA,RScheanwald,ICP-MS,1,1,1,Li,lithium,6,,,,3468973.67,3383551.87,3498923.93,3460092.73,3449797.06,3552502.75,1.8,
AF_ICSAB_240220,10/3/2024 16:02,1,,018ICSB.d,ICPMS2_ISIS_241003_AF.b,D:\Agilent\ICPMH\1\DATA,RScheanwald,ICP-MS,1,1,1,Be,beryllium,9,6,0.001,27,320.02,383.36,316.69,400.02,250.02,250.02,22.2,ug/sample
AF_ICSAB_240220,10/3/2024 16:02,1,,018ICSB.d,ICPMS2_ISIS_241003_AF.b,D:\Agilent\ICPMH\1\DATA,RScheanwald,ICP-MS,1,1,1,Sc,scandium,45,,,,13165414.45,13125427.15,13138380.1,13165577.61,13041542.96,13356144.42,0.9,
AF_ICSAB_240220,10/3/2024 16:02,1,,018ICSB.d,ICPMS2_ISIS_241003_AF.b,D:\Agilent\ICPMH\1\DATA,RScheanwald,ICP-MS,1,1,1,Tb,terbium,159,,,,5270573.01,5281405.2,5073365.61,5360579.42,5365180.59,5272334.23,2.2,
AF_ICSAB_240220,10/3/2024 16:02,1,,018ICSB.d,ICPMS2_ISIS_241003_AF.b,D:\Agilent\ICPMH\1\DATA,RScheanwald,ICP-MS,1,1,1,Pb,lead,208,,0.0014,7,2623.59,2700.27,2716.92,2683.63,2416.89,2600.26,4.7,ug/sample
AF_ICSAB_240220,10/3/2024 16:02,1,,018ICSB.d,ICPMS2_ISIS_241003_AF.b,D:\Agilent\ICPMH\1\DATA,RScheanwald,ICP-MS,1,1,1,Bi,bismuth,209,,,,4236782.85,4199703.61,4163035.64,4289221.71,4304418.06,4227535.25,1.4,
AF_CCV_240930,10/3/2024 16:15,1,,032_CCV.d,ICPMS2_ISIS_241003_AF.b,D:\Agilent\ICPMH\1\DATA,RScheanwald,ICP-MS,1,1,1,Li,lithium,6,,,,3458913.83,3431339.95,3529501.05,3407419.66,3423543.1,3502765.38,1.6,
AF_CCV_240930,10/3/2024 16:15,1,,032_CCV.d,ICPMS2_ISIS_241003_AF.b,D:\Agilent\ICPMH\1\DATA,RScheanwald,ICP-MS,1,1,1,Be,beryllium,9,6,2.2928,1.6,623253.23,607864.19,645422.77,619504.31,605849.88,637624.98,2.8,ug/sample
AF_CCV_240930,10/3/2024 16:15,1,,032_CCV.d,ICPMS2_ISIS_241003_AF.b,D:\Agilent\ICPMH\1\DATA,RScheanwald,ICP-MS,1,1,1,Sc,scandium,45,,,,12928391.87,12835266.38,13164650.12,12744182.17,12889043.28,13008817.42,1.3,
AF_CCV_240930,10/3/2024 16:15,1,,032_CCV.d,ICPMS2_ISIS_241003_AF.b,D:\Agilent\ICPMH\1\DATA,RScheanwald,ICP-MS,1,1,1,Tb,terbium,159,,,,5269978.27,5349709.36,5320830.98,5196586.7,5180339.57,5302424.73,1.5,
AF_CCV_240930,10/3/2024 16:15,1,,032_CCV.d,ICPMS2_ISIS_241003_AF.b,D:\Agilent\ICPMH\1\DATA,RScheanwald,ICP-MS,1,1,1,Pb,lead,208,,2.2502,0.5,2806139.83,2803427.36,2794660.3,Rejected,Rejected,2820331.82,0.5,ug/sample
AF_CCV_240930,10/3/2024 16:15,1,,032_CCV.d,ICPMS2_ISIS_241003_AF.b,D:\Agilent\ICPMH\1\DATA,RScheanwald,ICP-MS,1,1,1,Bi,bismuth,209,,,,4264047.39,4347172.36,4274571.32,4139191.63,4202663.11,4356638.51,2.2,
AF_CCB,10/3/2024 16:18,1,,035_CCB.d,ICPMS2_ISIS_241003_AF.b,D:\Agilent\ICPMH\1\DATA,RScheanwald,ICP-MS,1,1,1,Li,lithium,6,,,,3436277.24,3404295.23,3403401.87,3515114.23,3357328.34,3501246.54,2,
AF_CCB,10/3/2024 16:18,1,,035_CCB.d,ICPMS2_ISIS_241003_AF.b,D:\Agilent\ICPMH\1\DATA,RScheanwald,ICP-MS,1,1,1,Be,beryllium,9,6,0.0012,22.4,366.69,316.68,400.03,383.36,266.68,466.69,21.1,ug/sample
AF_CCB,10/3/2024 16:18,1,,035_CCB.d,ICPMS2_ISIS_241003_AF.b,D:\Agilent\ICPMH\1\DATA,RScheanwald,ICP-MS,1,1,1,Sc,scandium,45,,,,12741523.95,12528541.22,12801896.45,12619302.61,12787396.95,12970482.53,1.4,
AF_CCB,10/3/2024 16:18,1,,035_CCB.d,ICPMS2_ISIS_241003_AF.b,D:\Agilent\ICPMH\1\DATA,RScheanwald,ICP-MS,1,1,1,Tb,terbium,159,,,,5130812.25,5060772.64,5162576.68,5173919.78,5191644.78,5065147.38,1.2,
AF_CCB,10/3/2024 16:18,1,,035_CCB.d,ICPMS2_ISIS_241003_AF.b,D:\Agilent\ICPMH\1\DATA,RScheanwald,ICP-MS,1,1,1,Pb,lead,208,,0.0012,17.4,2393.57,1983.51,2300.2,2433.59,2650.29,2600.24,11.2,ug/sample
AF_CCB,10/3/2024 16:18,1,,035_CCB.d,ICPMS2_ISIS_241003_AF.b,D:\Agilent\ICPMH\1\DATA,RScheanwald,ICP-MS,1,1,1,Bi,bismuth,209,,,,4133155.43,4017916.76,4108989.02,4198486.03,4197751.4,4142633.95,1.8,
24LLB0005BLK,10/3/2024 16:19,0.3,,036_Blk.d,ICPMS2_ISIS_241003_AF.b,D:\Agilent\ICPMH\1\DATA,RScheanwald,ICP-MS,1,1,0.3,Li,lithium,6,,,,3765616.67,3719215.65,3778863.49,3701766.9,3742188.49,3886048.83,1.9,
24LLB0005BLK,10/3/2024 16:19,0.3,,036_Blk.d,ICPMS2_ISIS_241003_AF.b,D:\Agilent\ICPMH\1\DATA,RScheanwald,ICP-MS,1,1,0.3,Be,beryllium,9,6,0.0001,21.9,136.67,133.34,133.34,166.67,116.67,133.34,13.4,ug/sample
24LLB0005BLK,10/3/2024 16:19,0.3,,036_Blk.d,ICPMS2_ISIS_241003_AF.b,D:\Agilent\ICPMH\1\DATA,RScheanwald,ICP-MS,1,1,0.3,Sc,scandium,45,,,,13257272.99,12964687.98,13244639.8,13019167.77,13230885.73,13826983.68,2.6,
24LLB0005BLK,10/3/2024 16:19,0.3,,036_Blk.d,ICPMS2_ISIS_241003_AF.b,D:\Agilent\ICPMH\1\DATA,RScheanwald,ICP-MS,1,1,0.3,Tb,terbium,159,,,,5569307.81,5412579.55,5465242.57,5570057.81,5730755.08,5667904.03,2.4,
24LLB0005BLK,10/3/2024 16:19,0.3,,036_Blk.d,ICPMS2_ISIS_241003_AF.b,D:\Agilent\ICPMH\1\DATA,RScheanwald,ICP-MS,1,1,0.3,Pb,lead,208,,0.0004,9.2,2600.26,2750.26,2683.63,2366.91,2700.24,2500.24,6.2,ug/sample
24LLB0005BLK,10/3/2024 16:19,0.3,,036_Blk.d,ICPMS2_ISIS_241003_AF.b,D:\Agilent\ICPMH\1\DATA,RScheanwald,ICP-MS,1,1,0.3,Bi,bismuth,209,,,,4688924.9,4577779.4,4655732.92,4711584.87,4786452.32,4713074.98,1.7,
24LLB0005LCS,10/3/2024 16:23,1,,037_LCS.d,ICPMS2_ISIS_241003_AF.b,D:\Agilent\ICPMH\1\DATA,RScheanwald,ICP-MS,1,1,1,Li,lithium,6,,,,3497916.5,3511691.63,3550989.65,3473571,3465659.53,3487670.69,1,
24LLB0005LCS,10/3/2024 16:23,1,,037_LCS.d,ICPMS2_ISIS_241003_AF.b,D:\Agilent\ICPMH\1\DATA,RScheanwald,ICP-MS,1,1,1,Be,beryllium,9,6,1.2196,0.8,335218.76,333304.56,337439.66,334898.92,334232.3,336218.38,0.5,ug/sample
24LLB0005LCS,10/3/2024 16:23,1,,037_LCS.d,ICPMS2_ISIS_241003_AF.b,D:\Agilent\ICPMH\1\DATA,RScheanwald,ICP-MS,1,1,1,Sc,scandium,45,,,,13100834.5,13101759.42,13037647.19,13297994.09,12985487.22,13081284.57,0.9,
24LLB0005LCS,10/3/2024 16:23,1,,037_LCS.d,ICPMS2_ISIS_241003_AF.b,D:\Agilent\ICPMH\1\DATA,RScheanwald,ICP-MS,1,1,1,Tb,terbium,159,,,,5223636.29,5250196.73,5173427.33,5296573.3,5259646.47,5138337.61,1.3,
24LLB0005LCS,10/3/2024 16:23,1,,037_LCS.d,ICPMS2_ISIS_241003_AF.b,D:\Agilent\ICPMH\1\DATA,RScheanwald,ICP-MS,1,1,1,Pb,lead,208,,1.1462,1.5,1429750.2,1415435.89,1401787.53,1444415.1,1431808.33,1455304.14,1.5,ug/sample
24LLB0005LCS,10/3/2024 16:23,1,,037_LCS.d,ICPMS2_ISIS_241003_AF.b,D:\Agilent\ICPMH\1\DATA,RScheanwald,ICP-MS,1,1,1,Bi,bismuth,209,,,,4213132.26,4198171.32,4130502.44,4256688.77,4258661.55,4221637.2,1.2,
24LLB0005MS,10/3/2024 16:23,1,,037_LCS.d,ICPMS2_ISIS_241003_AF.b,D:\Agilent\ICPMH\1\DATA,RScheanwald,ICP-MS,1,1,1,Li,lithium,6,,,,3497916.5,3511691.63,3550989.65,3473571,3465659.53,3487670.69,1,
24LLB0005MS,10/3/2024 16:23,1,,037_LCS.d,ICPMS2_ISIS_241003_AF.b,D:\Agilent\ICPMH\1\DATA,RScheanwald,ICP-MS,1,1,1,Be,beryllium,9,6,1.2196,0.8,335218.76,333304.56,337439.66,334898.92,334232.3,336218.38,0.5,ug/sample
24LLB0005MS,10/3/2024 16:23,1,,037_LCS.d,ICPMS2_ISIS_241003_AF.b,D:\Agilent\ICPMH\1\DATA,RScheanwald,ICP-MS,1,1,1,Sc,scandium,45,,,,13100834.5,13101759.42,13037647.19,13297994.09,12985487.22,13081284.57,0.9,
24LLB0005MS,10/3/2024 16:23,1,,037_LCS.d,ICPMS2_ISIS_241003_AF.b,D:\Agilent\ICPMH\1\DATA,RScheanwald,ICP-MS,1,1,1,Tb,terbium,159,,,,5223636.29,5250196.73,5173427.33,5296573.3,5259646.47,5138337.61,1.3,
24LLB0005MS,10/3/2024 16:23,1,,037_LCS.d,ICPMS2_ISIS_241003_AF.b,D:\Agilent\ICPMH\1\DATA,RScheanwald,ICP-MS,1,1,1,Pb,lead,208,,1.1462,1.5,1429750.2,1415435.89,1401787.53,1444415.1,1431808.33,1455304.14,1.5,ug/sample
24LLB0005MS,10/3/2024 16:23,1,,037_LCS.d,ICPMS2_ISIS_241003_AF.b,D:\Agilent\ICPMH\1\DATA,RScheanwald,ICP-MS,1,1,1,Bi,bismuth,209,,,,4213132.26,4198171.32,4130502.44,4256688.77,4258661.55,4221637.2,1.2,
24LLB0005LCS,10/3/2024 16:23,1,,037_LCS.d,ICPMS2_ISIS_241003_AF.b,D:\Agilent\ICPMH\1\DATA,RScheanwald,ICP-MS,1,1,1,Li,lithium,6,,,,3497916.5,3511691.63,3550989.65,3473571,3465659.53,3487670.69,1,
24LLB0005LCS,10/3/2024 16:23,1,,037_LCS.d,ICPMS2_ISIS_241003_AF.b,D:\Agilent\ICPMH\1\DATA,RScheanwald,ICP-MS,1,1,1,Be,beryllium,9,6,1.2196,0.8,335218.76,333304.56,337439.66,334898.92,334232.3,336218.38,0.5,ug/sample
24LLB0005LCS,10/3/2024 16:23,1,,037_LCS.d,ICPMS2_ISIS_241003_AF.b,D:\Agilent\ICPMH\1\DATA,RScheanwald,ICP-MS,1,1,1,Sc,scandium,45,,,,13100834.5,13101759.42,13037647.19,13297994.09,12985487.22,13081284.57,0.9,
24LLB0005LCS,10/3/2024 16:23,1,,037_LCS.d,ICPMS2_ISIS_241003_AF.b,D:\Agilent\ICPMH\1\DATA,RScheanwald,ICP-MS,1,1,1,Tb,terbium,159,,,,5223636.29,5250196.73,5173427.33,5296573.3,5259646.47,5138337.61,1.3,
24LLB0005LCS,10/3/2024 16:23,1,,037_LCS.d,ICPMS2_ISIS_241003_AF.b,D:\Agilent\ICPMH\1\DATA,RScheanwald,ICP-MS,1,1,1,Pb,lead,208,,1.1462,1.5,1429750.2,1415435.89,1401787.53,1444415.1,1431808.33,1455304.14,1.5,ug/sample
24LLB0005LCS,10/3/2024 16:23,1,,037_LCS.d,ICPMS2_ISIS_241003_AF.b,D:\Agilent\ICPMH\1\DATA,RScheanwald,ICP-MS,1,1,1,Bi,bismuth,209,,,,4213132.26,4198171.32,4130502.44,4256688.77,4258661.55,4221637.2,1.2,
24LC14-FSS-30-T523-0909-012,10/3/2024 16:25,0.3,,039SMPL.d,ICPMS2_ISIS_241003_AF.b,D:\Agilent\ICPMH\1\DATA,RScheanwald,ICP-MS,1,1,0.3,Li,lithium,6,,,,3466043.49,3498874.87,3391836.65,3482974.66,3489900.67,3466630.61,1.2,
24LC14-FSS-30-T523-0909-012,10/3/2024 16:25,0.3,,039SMPL.d,ICPMS2_ISIS_241003_AF.b,D:\Agilent\ICPMH\1\DATA,RScheanwald,ICP-MS,1,1,0.3,Be,beryllium,9,6,0.0038,8,3520.59,3317.2,3817.32,3233.81,3667.35,3567.27,6.9,ug/sample
24LC14-FSS-30-T523-0909-012,10/3/2024 16:25,0.3,,039SMPL.d,ICPMS2_ISIS_241003_AF.b,D:\Agilent\ICPMH\1\DATA,RScheanwald,ICP-MS,1,1,0.3,Sc,scandium,45,,,,13081455.62,13220900.75,12947868.66,12940486.59,13251178.52,13046843.57,1.1,
24LC14-FSS-30-T523-0909-012,10/3/2024 16:25,0.3,,039SMPL.d,ICPMS2_ISIS_241003_AF.b,D:\Agilent\ICPMH\1\DATA,RScheanwald,ICP-MS,1,1,0.3,Tb,terbium,159,,,,5276200.9,5245122.12,5296592.05,5304128.76,5215845.56,5319316,0.8,
24LC14-FSS-30-T523-0909-012,10/3/2024 16:25,0.3,,039SMPL.d,ICPMS2_ISIS_241003_AF.b,D:\Agilent\ICPMH\1\DATA,RScheanwald,ICP-MS,1,1,0.3,Pb,lead,208,,0.0082,2.8,34980.2,33969.33,36421.53,34469.99,35320.24,34719.91,2.7,ug/sample
24LC14-FSS-30-T523-0909-012,10/3/2024 16:25,0.3,,039SMPL.d,ICPMS2_ISIS_241003_AF.b,D:\Agilent\ICPMH\1\DATA,RScheanwald,ICP-MS,1,1,0.3,Bi,bismuth,209,,,,4214467.07,4251525.62,4226170.54,4318270.67,4179931.34,4096437.2,2,
24LC14-FSS-30-T523-0909-015,10/3/2024 16:26,0.3,,040SMPL.d,ICPMS2_ISIS_241003_AF.b,D:\Agilent\ICPMH\1\DATA,RScheanwald,ICP-MS,1,1,0.3,Li,lithium,6,,,,3466741.47,3463019.06,3378954.88,3467515.72,3558570.43,3465647.25,1.8,
24LC14-FSS-30-T523-0909-015,10/3/2024 16:26,0.3,,040SMPL.d,ICPMS2_ISIS_241003_AF.b,D:\Agilent\ICPMH\1\DATA,RScheanwald,ICP-MS,1,1,0.3,Be,beryllium,9,6,0.0096,6.2,8789.74,8452.83,9219.93,8069.3,9320.11,8886.52,6,ug/sample
24LC14-FSS-30-T523-0909-015,10/3/2024 16:26,0.3,,040SMPL.d,ICPMS2_ISIS_241003_AF.b,D:\Agilent\ICPMH\1\DATA,RScheanwald,ICP-MS,1,1,0.3,Sc,scandium,45,,,,13154543.52,13347284.94,12798324.12,13044776.19,13587506.72,12994825.62,2.4,
24LC14-FSS-30-T523-0909-015,10/3/2024 16:26,0.3,,040SMPL.d,ICPMS2_ISIS_241003_AF.b,D:\Agilent\ICPMH\1\DATA,RScheanwald,ICP-MS,1,1,0.3,Tb,terbium,159,,,,5186989.88,5227055.98,5111844.65,5084974.33,5233532.67,5277541.78,1.6,
24LC14-FSS-30-T523-0909-015,10/3/2024 16:26,0.3,,040SMPL.d,ICPMS2_ISIS_241003_AF.b,D:\Agilent\ICPMH\1\DATA,RScheanwald,ICP-MS,1,1,0.3,Pb,lead,208,,0.0178,1.5,74871.16,75120.86,72983.33,75957.84,74787.65,75506.14,1.5,ug/sample
24LC14-FSS-30-T523-0909-015,10/3/2024 16:26,0.3,,040SMPL.d,ICPMS2_ISIS_241003_AF.b,D:\Agilent\ICPMH\1\DATA,RScheanwald,ICP-MS,1,1,0.3,Bi,bismuth,209,,,,4197382.02,4161188.5,4166204.91,4159614.16,4308657.65,4191244.89,1.5,
24LC14-FSS-30-T523-0909-016,10/3/2024 16:27,0.3,,041SMPL.d,ICPMS2_ISIS_241003_AF.b,D:\Agilent\ICPMH\1\DATA,RScheanwald,ICP-MS,1,1,0.3,Li,lithium,6,,,,3446744.31,3496659.69,3427871.02,3505853.46,3448310.54,3355026.83,1.8,
24LC14-FSS-30-T523-0909-016,10/3/2024 16:27,0.3,,041SMPL.d,ICPMS2_ISIS_241003_AF.b,D:\Agilent\ICPMH\1\DATA,RScheanwald,ICP-MS,1,1,0.3,Be,beryllium,9,6,0.0057,9.1,5201.2,4817.74,5351.26,5084.47,4967.77,5784.78,7.3,ug/sample
24LC14-FSS-30-T523-0909-016,10/3/2024 16:27,0.3,,041SMPL.d,ICPMS2_ISIS_241003_AF.b,D:\Agilent\ICPMH\1\DATA,RScheanwald,ICP-MS,1,1,0.3,Sc,scandium,45,,,,12892047.65,13117356.58,12872617.16,13033132.67,12725646.45,12711485.41,1.4,
24LC14-FSS-30-T523-0909-016,10/3/2024 16:27,0.3,,041SMPL.d,ICPMS2_ISIS_241003_AF.b,D:\Agilent\ICPMH\1\DATA,RScheanwald,ICP-MS,1,1,0.3,Tb,terbium,159,,,,5159092.3,5309658.58,5096676.81,5088419.91,5109383.32,5191322.9,1.8,
24LC14-FSS-30-T523-0909-016,10/3/2024 16:27,0.3,,041SMPL.d,ICPMS2_ISIS_241003_AF.b,D:\Agilent\ICPMH\1\DATA,RScheanwald,ICP-MS,1,1,0.3,Pb,lead,208,,0.0088,1,37232.76,37205.7,36772.42,36989.15,37490.35,37706.19,1,ug/sample
24LC14-FSS-30-T523-0909-016,10/3/2024 16:27,0.3,,041SMPL.d,ICPMS2_ISIS_241003_AF.b,D:\Agilent\ICPMH\1\DATA,RScheanwald,ICP-MS,1,1,0.3,Bi,bismuth,209,,,,4124046,4167316.89,4072949.96,4064953.61,4139506.73,4175502.83,1.3,
24LC14-FSS-30-T523-0909-016D,10/3/2024 16:28,0.3,,042SMPL.d,ICPMS2_ISIS_241003_AF.b,D:\Agilent\ICPMH\1\DATA,RScheanwald,ICP-MS,1,1,0.3,Li,lithium,6,,,,3458372.62,3447444.78,3469476.16,3534600.15,3259242.2,3581099.83,3.6,
24LC14-FSS-30-T523-0909-016D,10/3/2024 16:28,0.3,,042SMPL.d,ICPMS2_ISIS_241003_AF.b,D:\Agilent\ICPMH\1\DATA,RScheanwald,ICP-MS,1,1,0.3,Be,beryllium,9,6,0.0278,4.1,25256.01,25172.42,23853.34,25373.42,24704.78,27176.11,4.8,ug/sample
24LC14-FSS-30-T523-0909-016D,10/3/2024 16:28,0.3,,042SMPL.d,ICPMS2_ISIS_241003_AF.b,D:\Agilent\ICPMH\1\DATA,RScheanwald,ICP-MS,1,1,0.3,Sc,scandium,45,,,,13158936.28,13130728.39,13121335.87,13226679.65,12597518.64,13718418.87,3,
24LC14-FSS-30-T523-0909-016D,10/3/2024 16:28,0.3,,042SMPL.d,ICPMS2_ISIS_241003_AF.b,D:\Agilent\ICPMH\1\DATA,RScheanwald,ICP-MS,1,1,0.3,Tb,terbium,159,,,,5171791.58,5077607.67,5162406.37,5223155.98,5094007.01,5301780.85,1.8,
24LC14-FSS-30-T523-0909-016D,10/3/2024 16:28,0.3,,042SMPL.d,ICPMS2_ISIS_241003_AF.b,D:\Agilent\ICPMH\1\DATA,RScheanwald,ICP-MS,1,1,0.3,Pb,lead,208,,0.0401,1.3,167374.3,165332.61,165642.97,166622.38,169082.7,170190.82,1.3,ug/sample
24LC14-FSS-30-T523-0909-016D,10/3/2024 16:28,0.3,,042SMPL.d,ICPMS2_ISIS_241003_AF.b,D:\Agilent\ICPMH\1\DATA,RScheanwald,ICP-MS,1,1,0.3,Bi,bismuth,209,,,,4107964.21,4009899.05,4136126.92,4117405.17,4145698.79,4130691.11,1.4,
23LC14-FSS-30-T117-0908-012,10/3/2024 16:33,0.3,,048SMPL.d,ICPMS2_ISIS_241003_AF.b,D:\Agilent\ICPMH\1\DATA,RScheanwald,ICP-MS,1,1,0.3,Li,lithium,6,,,,3512491.38,3492400.49,3441768.99,3556968.43,3615933.01,3455386,2.1,
23LC14-FSS-30-T117-0908-012,10/3/2024 16:33,0.3,,048SMPL.d,ICPMS2_ISIS_241003_AF.b,D:\Agilent\ICPMH\1\DATA,RScheanwald,ICP-MS,1,1,0.3,Be,beryllium,9,6,0.0161,5,14891.57,14357.77,13790.44,16059.4,15058.33,15191.92,5.8,ug/sample
23LC14-FSS-30-T117-0908-012,10/3/2024 16:33,0.3,,048SMPL.d,ICPMS2_ISIS_241003_AF.b,D:\Agilent\ICPMH\1\DATA,RScheanwald,ICP-MS,1,1,0.3,Sc,scandium,45,,,,13257404.88,13457170.76,12938925.66,13348198.04,13605042.69,12937687.23,2.3,
23LC14-FSS-30-T117-0908-012,10/3/2024 16:33,0.3,,048SMPL.d,ICPMS2_ISIS_241003_AF.b,D:\Agilent\ICPMH\1\DATA,RScheanwald,ICP-MS,1,1,0.3,Tb,terbium,159,,,,5185463.5,5229613.01,5225333.06,5037745.16,5157387.88,5277238.4,1.8,
23LC14-FSS-30-T117-0908-012,10/3/2024 16:33,0.3,,048SMPL.d,ICPMS2_ISIS_241003_AF.b,D:\Agilent\ICPMH\1\DATA,RScheanwald,ICP-MS,1,1,0.3,Pb,lead,208,,0.0481,1.4,200928.24,202506.62,203050.83,196521.99,199886.06,202675.72,1.4,ug/sample
23LC14-FSS-30-T117-0908-012,10/3/2024 16:33,0.3,,048SMPL.d,ICPMS2_ISIS_241003_AF.b,D:\Agilent\ICPMH\1\DATA,RScheanwald,ICP-MS,1,1,0.3,Bi,bismuth,209,,,,4129490.72,4233873.79,4076098.53,4022660.77,4051121.31,4263699.18,2.7,
23LC14-FSS-30-T117-0908-013,10/3/2024 16:34,0.3,,049SMPL.d,ICPMS2_ISIS_241003_AF.b,D:\Agilent\ICPMH\1\DATA,RScheanwald,ICP-MS,1,1,0.3,Li,lithium,6,,,,3444778.53,3421457.04,3441575.39,3398600.16,3546535.6,3415724.48,1.7,
23LC14-FSS-30-T117-0908-013,10/3/2024 16:34,0.3,,049SMPL.d,ICPMS2_ISIS_241003_AF.b,D:\Agilent\ICPMH\1\DATA,RScheanwald,ICP-MS,1,1,0.3,Be,beryllium,9,6,0.0063,5.4,5714.72,5751.44,5334.62,6034.85,5651.37,5801.34,4.5,ug/sample
23LC14-FSS-30-T117-0908-013,10/3/2024 16:34,0.3,,049SMPL.d,ICPMS2_ISIS_241003_AF.b,D:\Agilent\ICPMH\1\DATA,RScheanwald,ICP-MS,1,1,0.3,Sc,scandium,45,,,,13147084.69,13001421.28,13282749.16,12820346.77,13397715.37,13233190.85,1.8,
23LC14-FSS-30-T117-0908-013,10/3/2024 16:34,0.3,,049SMPL.d,ICPMS2_ISIS_241003_AF.b,D:\Agilent\ICPMH\1\DATA,RScheanwald,ICP-MS,1,1,0.3,Tb,terbium,159,,,,5112155.61,5174657.8,5152104.28,5177537.09,5026591.78,5029887.09,1.5,
23LC14-FSS-30-T117-0908-013,10/3/2024 16:34,0.3,,049SMPL.d,ICPMS2_ISIS_241003_AF.b,D:\Agilent\ICPMH\1\DATA,RScheanwald,ICP-MS,1,1,0.3,Pb,lead,208,,0.0376,0.7,157159.37,157243.66,158094.42,158229.03,156611.11,155618.63,0.7,ug/sample
23LC14-FSS-30-T117-0908-013,10/3/2024 16:34,0.3,,049SMPL.d,ICPMS2_ISIS_241003_AF.b,D:\Agilent\ICPMH\1\DATA,RScheanwald,ICP-MS,1,1,0.3,Bi,bismuth,209,,,,3990673.14,4002888.76,3970460.9,4063609.86,3938242.54,3978163.63,1.2,
23LC14-FSS-30-T117-0908-016,10/3/2024 16:35,0.3,,050SMPL.d,ICPMS2_ISIS_241003_AF.b,D:\Agilent\ICPMH\1\DATA,RScheanwald,ICP-MS,1,1,0.3,Li,lithium,6,,,,3579751.09,3550509.2,3668024.38,3573711.84,3524600.67,3581909.34,1.5,
23LC14-FSS-30-T117-0908-016,10/3/2024 16:35,0.3,,050SMPL.d,ICPMS2_ISIS_241003_AF.b,D:\Agilent\ICPMH\1\DATA,RScheanwald,ICP-MS,1,1,0.3,Be,beryllium,9,6,0.0123,5.3,11558.48,11455.21,12322.32,11555.21,11888.75,10570.89,5.6,ug/sample
23LC14-FSS-30-T117-0908-016,10/3/2024 16:35,0.3,,050SMPL.d,ICPMS2_ISIS_241003_AF.b,D:\Agilent\ICPMH\1\DATA,RScheanwald,ICP-MS,1,1,0.3,Sc,scandium,45,,,,13211284.07,13225570.1,13265676.77,13344345.44,13339928.21,12880899.82,1.4,
23LC14-FSS-30-T117-0908-016,10/3/2024 16:35,0.3,,050SMPL.d,ICPMS2_ISIS_241003_AF.b,D:\Agilent\ICPMH\1\DATA,RScheanwald,ICP-MS,1,1,0.3,Tb,terbium,159,,,,5261661.16,5132694.39,5115688.92,5096297.9,5441117.05,5522507.55,3.9,
23LC14-FSS-30-T117-0908-016,10/3/2024 16:35,0.3,,050SMPL.d,ICPMS2_ISIS_241003_AF.b,D:\Agilent\ICPMH\1\DATA,RScheanwald,ICP-MS,1,1,0.3,Pb,lead,208,,0.015,1.5,63397.04,64348.42,63847.69,63598.5,63263.37,61927.21,1.4,ug/sample
23LC14-FSS-30-T117-0908-016,10/3/2024 16:35,0.3,,050SMPL.d,ICPMS2_ISIS_241003_AF.b,D:\Agilent\ICPMH\1\DATA,RScheanwald,ICP-MS,1,1,0.3,Bi,bismuth,209,,,,4237861.45,4179889.42,4057859.47,4104664.81,4395006.61,4451886.95,4.2,
23LC14-FSS-30-T117-0908-017,10/3/2024 16:36,0.3,,051SMPL.d,ICPMS2_ISIS_241003_AF.b,D:\Agilent\ICPMH\1\DATA,RScheanwald,ICP-MS,1,1,0.3,Li,lithium,6,,,,3579468.65,3454754.5,3566846.1,3649784.08,3655420.6,3570537.98,2.3,
23LC14-FSS-30-T117-0908-017,10/3/2024 16:36,0.3,,051SMPL.d,ICPMS2_ISIS_241003_AF.b,D:\Agilent\ICPMH\1\DATA,RScheanwald,ICP-MS,1,1,0.3,Be,beryllium,9,6,0.004,4.3,3810.7,3567.25,3583.95,3967.43,3934.09,4000.77,5.7,ug/sample
23LC14-FSS-30-T117-0908-017,10/3/2024 16:36,0.3,,051SMPL.d,ICPMS2_ISIS_241003_AF.b,D:\Agilent\ICPMH\1\DATA,RScheanwald,ICP-MS,1,1,0.3,Sc,scandium,45,,,,13226672.52,13185815.04,13014795.27,13339971.69,13243133.92,13349646.68,1,
23LC14-FSS-30-T117-0908-017,10/3/2024 16:36,0.3,,051SMPL.d,ICPMS2_ISIS_241003_AF.b,D:\Agilent\ICPMH\1\DATA,RScheanwald,ICP-MS,1,1,0.3,Tb,terbium,159,,,,5132736.24,5060507.8,5120499.2,5199976.94,5184543.48,5098153.76,1.1,
23LC14-FSS-30-T117-0908-017,10/3/2024 16:36,0.3,,051SMPL.d,ICPMS2_ISIS_241003_AF.b,D:\Agilent\ICPMH\1\DATA,RScheanwald,ICP-MS,1,1,0.3,Pb,lead,208,,0.0074,5.3,31810.3,31266,33135.08,33368.87,31966.83,29314.72,5.1,ug/sample
23LC14-FSS-30-T117-0908-017,10/3/2024 16:36,0.3,,051SMPL.d,ICPMS2_ISIS_241003_AF.b,D:\Agilent\ICPMH\1\DATA,RScheanwald,ICP-MS,1,1,0.3,Bi,bismuth,209,,,,4114559.03,4084788.24,4136841.11,4153464.16,4102439.94,4095261.68,0.7,
23LC14-FSS-30-T117-0908-018,10/3/2024 16:36,0.3,,051SMPL.d,ICPMS2_ISIS_241003_AF.b,D:\Agilent\ICPMH\1\DATA,RScheanwald,ICP-MS,1,1,0.3,Li,lithium,6,,,,3579468.65,3454754.5,3566846.1,3649784.08,3655420.6,3570537.98,2.3,
23LC14-FSS-30-T117-0908-018,10/3/2024 16:36,0.3,,051SMPL.d,ICPMS2_ISIS_241003_AF.b,D:\Agilent\ICPMH\1\DATA,RScheanwald,ICP-MS,1,1,0.3,Be,beryllium,9,6,0.004,4.3,3810.7,3567.25,3583.95,3967.43,3934.09,4000.77,5.7,ug/sample
23LC14-FSS-30-T117-0908-018,10/3/2024 16:36,0.3,,051SMPL.d,ICPMS2_ISIS_241003_AF.b,D:\Agilent\ICPMH\1\DATA,RScheanwald,ICP-MS,1,1,0.3,Sc,scandium,45,,,,13226672.52,13185815.04,13014795.27,13339971.69,13243133.92,13349646.68,1,
23LC14-FSS-30-T117-0908-018,10/3/2024 16:36,0.3,,051SMPL.d,ICPMS2_ISIS_241003_AF.b,D:\Agilent\ICPMH\1\DATA,RScheanwald,ICP-MS,1,1,0.3,Tb,terbium,159,,,,5132736.24,5060507.8,5120499.2,5199976.94,5184543.48,5098153.76,1.1,
23LC14-FSS-30-T117-0908-018,10/3/2024 16:36,0.3,,051SMPL.d,ICPMS2_ISIS_241003_AF.b,D:\Agilent\ICPMH\1\DATA,RScheanwald,ICP-MS,1,1,0.3,Pb,lead,208,,0.0074,5.3,31810.3,31266,33135.08,33368.87,31966.83,29314.72,5.1,ug/sample
23LC14-FSS-30-T117-0908-018,10/3/2024 16:36,0.3,,051SMPL.d,ICPMS2_ISIS_241003_AF.b,D:\Agilent\ICPMH\1\DATA,RScheanwald,ICP-MS,1,1,0.3,Bi,bismuth,209,,,,4114559.03,4084788.24,4136841.11,4153464.16,4102439.94,4095261.68,0.7,
23LC14-FSS-10-RB03-0403-001,10/3/2024 16:36,0.3,,051SMPL.d,ICPMS2_ISIS_241003_AF.b,D:\Agilent\ICPMH\1\DATA,RScheanwald,ICP-MS,1,1,0.3,Li,lithium,6,,,,3579468.65,3454754.5,3566846.1,3649784.08,3655420.6,3570537.98,2.3,
23LC14-FSS-10-RB03-0403-001,10/3/2024 16:36,0.3,,051SMPL.d,ICPMS2_ISIS_241003_AF.b,D:\Agilent\ICPMH\1\DATA,RScheanwald,ICP-MS,1,1,0.3,Be,beryllium,9,6,0.004,4.3,3810.7,3567.25,3583.95,3967.43,3934.09,4000.77,5.7,ug/sample
23LC14-FSS-10-RB03-0403-001,10/3/2024 16:36,0.3,,051SMPL.d,ICPMS2_ISIS_241003_AF.b,D:\Agilent\ICPMH\1\DATA,RScheanwald,ICP-MS,1,1,0.3,Sc,scandium,45,,,,13226672.52,13185815.04,13014795.27,13339971.69,13243133.92,13349646.68,1,
23LC14-FSS-10-RB03-0403-001,10/3/2024 16:36,0.3,,051SMPL.d,ICPMS2_ISIS_241003_AF.b,D:\Agilent\ICPMH\1\DATA,RScheanwald,ICP-MS,1,1,0.3,Tb,terbium,159,,,,5132736.24,5060507.8,5120499.2,5199976.94,5184543.48,5098153.76,1.1,
23LC14-FSS-10-RB03-0403-001,10/3/2024 16:36,0.3,,051SMPL.d,ICPMS2_ISIS_241003_AF.b,D:\Agilent\ICPMH\1\DATA,RScheanwald,ICP-MS,1,1,0.3,Pb,lead,208,,0.0074,5.3,31810.3,31266,33135.08,33368.87,31966.83,29314.72,5.1,ug/sample
23LC14-FSS-10-RB03-0403-001,10/3/2024 16:36,0.3,,051SMPL.d,ICPMS2_ISIS_241003_AF.b,D:\Agilent\ICPMH\1\DATA,RScheanwald,ICP-MS,1,1,0.3,Bi,bismuth,209,,,,4114559.03,4084788.24,4136841.11,4153464.16,4102439.94,4095261.68,0.7,
23LC14-FSS-10-RB03-0403-002,10/3/2024 16:36,0.3,,051SMPL.d,ICPMS2_ISIS_241003_AF.b,D:\Agilent\ICPMH\1\DATA,RScheanwald,ICP-MS,1,1,0.3,Li,lithium,6,,,,3579468.65,3454754.5,3566846.1,3649784.08,3655420.6,3570537.98,2.3,
23LC14-FSS-10-RB03-0403-002,10/3/2024 16:36,0.3,,051SMPL.d,ICPMS2_ISIS_241003_AF.b,D:\Agilent\ICPMH\1\DATA,RScheanwald,ICP-MS,1,1,0.3,Be,beryllium,9,6,0.004,4.3,3810.7,3567.25,3583.95,3967.43,3934.09,4000.77,5.7,ug/sample
23LC14-FSS-10-RB03-0403-002,10/3/2024 16:36,0.3,,051SMPL.d,ICPMS2_ISIS_241003_AF.b,D:\Agilent\ICPMH\1\DATA,RScheanwald,ICP-MS,1,1,0.3,Sc,scandium,45,,,,13226672.52,13185815.04,13014795.27,13339971.69,13243133.92,13349646.68,1,
23LC14-FSS-10-RB03-0403-002,10/3/2024 16:36,0.3,,051SMPL.d,ICPMS2_ISIS_241003_AF.b,D:\Agilent\ICPMH\1\DATA,RScheanwald,ICP-MS,1,1,0.3,Tb,terbium,159,,,,5132736.24,5060507.8,5120499.2,5199976.94,5184543.48,5098153.76,1.1,
23LC14-FSS-10-RB03-0403-002,10/3/2024 16:36,0.3,,051SMPL.d,ICPMS2_ISIS_241003_AF.b,D:\Agilent\ICPMH\1\DATA,RScheanwald,ICP-MS,1,1,0.3,Pb,lead,208,,0.0074,5.3,31810.3,31266,33135.08,33368.87,31966.83,29314.72,5.1,ug/sample
23LC14-FSS-10-RB03-0403-002,10/3/2024 16:36,0.3,,051SMPL.d,ICPMS2_ISIS_241003_AF.b,D:\Agilent\ICPMH\1\DATA,RScheanwald,ICP-MS,1,1,0.3,Bi,bismuth,209,,,,4114559.03,4084788.24,4136841.11,4153464.16,4102439.94,4095261.68,0.7,
23LC14-FSS-10-RB03-0403-003,10/3/2024 16:36,0.3,,051SMPL.d,ICPMS2_ISIS_241003_AF.b,D:\Agilent\ICPMH\1\DATA,RScheanwald,ICP-MS,1,1,0.3,Li,lithium,6,,,,3579468.65,3454754.5,3566846.1,3649784.08,3655420.6,3570537.98,2.3,
23LC14-FSS-10-RB03-0403-003,10/3/2024 16:36,0.3,,051SMPL.d,ICPMS2_ISIS_241003_AF.b,D:\Agilent\ICPMH\1\DATA,RScheanwald,ICP-MS,1,1,0.3,Be,beryllium,9,6,0.004,4.3,3810.7,3567.25,3583.95,3967.43,3934.09,4000.77,5.7,ug/sample
23LC14-FSS-10-RB03-0403-003,10/3/2024 16:36,0.3,,051SMPL.d,ICPMS2_ISIS_241003_AF.b,D:\Agilent\ICPMH\1\DATA,RScheanwald,ICP-MS,1,1,0.3,Sc,scandium,45,,,,13226672.52,13185815.04,13014795.27,13339971.69,13243133.92,13349646.68,1,
23LC14-FSS-10-RB03-0403-003,10/3/2024 16:36,0.3,,051SMPL.d,ICPMS2_ISIS_241003_AF.b,D:\Agilent\ICPMH\1\DATA,RScheanwald,ICP-MS,1,1,0.3,Tb,terbium,159,,,,5132736.24,5060507.8,5120499.2,5199976.94,5184543.48,5098153.76,1.1,
23LC14-FSS-10-RB03-0403-003,10/3/2024 16:36,0.3,,051SMPL.d,ICPMS2_ISIS_241003_AF.b,D:\Agilent\ICPMH\1\DATA,RScheanwald,ICP-MS,1,1,0.3,Pb,lead,208,,0.0074,5.3,31810.3,31266,33135.08,33368.87,31966.83,29314.72,5.1,ug/sample
23LC14-FSS-10-RB03-0403-003,10/3/2024 16:36,0.3,,051SMPL.d,ICPMS2_ISIS_241003_AF.b,D:\Agilent\ICPMH\1\DATA,RScheanwald,ICP-MS,1,1,0.3,Bi,bismuth,209,,,,4114559.03,4084788.24,4136841.11,4153464.16,4102439.94,4095261.68,0.7,
23LC14-FSS-10-RB03-0403-004,10/3/2024 16:36,0.3,,051SMPL.d,ICPMS2_ISIS_241003_AF.b,D:\Agilent\ICPMH\1\DATA,RScheanwald,ICP-MS,1,1,0.3,Li,lithium,6,,,,3579468.65,3454754.5,3566846.1,3649784.08,3655420.6,3570537.98,2.3,
23LC14-FSS-10-RB03-0403-004,10/3/2024 16:36,0.3,,051SMPL.d,ICPMS2_ISIS_241003_AF.b,D:\Agilent\ICPMH\1\DATA,RScheanwald,ICP-MS,1,1,0.3,Be,beryllium,9,6,0.004,4.3,3810.7,3567.25,3583.95,3967.43,3934.09,4000.77,5.7,ug/sample
23LC14-FSS-10-RB03-0403-004,10/3/2024 16:36,0.3,,051SMPL.d,ICPMS2_ISIS_241003_AF.b,D:\Agilent\ICPMH\1\DATA,RScheanwald,ICP-MS,1,1,0.3,Sc,scandium,45,,,,13226672.52,13185815.04,13014795.27,13339971.69,13243133.92,13349646.68,1,
23LC14-FSS-10-RB03-0403-004,10/3/2024 16:36,0.3,,051SMPL.d,ICPMS2_ISIS_241003_AF.b,D:\Agilent\ICPMH\1\DATA,RScheanwald,ICP-MS,1,1,0.3,Tb,terbium,159,,,,5132736.24,5060507.8,5120499.2,5199976.94,5184543.48,5098153.76,1.1,
23LC14-FSS-10-RB03-0403-004,10/3/2024 16:36,0.3,,051SMPL.d,ICPMS2_ISIS_241003_AF.b,D:\Agilent\ICPMH\1\DATA,RScheanwald,ICP-MS,1,1,0.3,Pb,lead,208,,0.0074,5.3,31810.3,31266,33135.08,33368.87,31966.83,29314.72,5.1,ug/sample
23LC14-FSS-10-RB03-0403-004,10/3/2024 16:36,0.3,,051SMPL.d,ICPMS2_ISIS_241003_AF.b,D:\Agilent\ICPMH\1\DATA,RScheanwald,ICP-MS,1,1,0.3,Bi,bismuth,209,,,,4114559.03,4084788.24,4136841.11,4153464.16,4102439.94,4095261.68,0.7,
23LC14-FSS-10-RB03-0403-005,10/3/2024 16:36,0.3,,051SMPL.d,ICPMS2_ISIS_241003_AF.b,D:\Agilent\ICPMH\1\DATA,RScheanwald,ICP-MS,1,1,0.3,Li,lithium,6,,,,3579468.65,3454754.5,3566846.1,3649784.08,3655420.6,3570537.98,2.3,
23LC14-FSS-10-RB03-0403-005,10/3/2024 16:36,0.3,,051SMPL.d,ICPMS2_ISIS_241003_AF.b,D:\Agilent\ICPMH\1\DATA,RScheanwald,ICP-MS,1,1,0.3,Be,beryllium,9,6,0.004,4.3,3810.7,3567.25,3583.95,3967.43,3934.09,4000.77,5.7,ug/sample
23LC14-FSS-10-RB03-0403-005,10/3/2024 16:36,0.3,,051SMPL.d,ICPMS2_ISIS_241003_AF.b,D:\Agilent\ICPMH\1\DATA,RScheanwald,ICP-MS,1,1,0.3,Sc,scandium,45,,,,13226672.52,13185815.04,13014795.27,13339971.69,13243133.92,13349646.68,1,
23LC14-FSS-10-RB03-0403-005,10/3/2024 16:36,0.3,,051SMPL.d,ICPMS2_ISIS_241003_AF.b,D:\Agilent\ICPMH\1\DATA,RScheanwald,ICP-MS,1,1,0.3,Tb,terbium,159,,,,5132736.24,5060507.8,5120499.2,5199976.94,5184543.48,5098153.76,1.1,
23LC14-FSS-10-RB03-0403-005,10/3/2024 16:36,0.3,,051SMPL.d,ICPMS2_ISIS_241003_AF.b,D:\Agilent\ICPMH\1\DATA,RScheanwald,ICP-MS,1,1,0.3,Pb,lead,208,,0.0074,5.3,31810.3,31266,33135.08,33368.87,31966.83,29314.72,5.1,ug/sample
23LC14-FSS-10-RB03-0403-005,10/3/2024 16:36,0.3,,051SMPL.d,ICPMS2_ISIS_241003_AF.b,D:\Agilent\ICPMH\1\DATA,RScheanwald,ICP-MS,1,1,0.3,Bi,bismuth,209,,,,4114559.03,4084788.24,4136841.11,4153464.16,4102439.94,4095261.68,0.7,
23LC14-FSS-10-RB03-0403-006,10/3/2024 16:36,0.3,,051SMPL.d,ICPMS2_ISIS_241003_AF.b,D:\Agilent\ICPMH\1\DATA,RScheanwald,ICP-MS,1,1,0.3,Li,lithium,6,,,,3579468.65,3454754.5,3566846.1,3649784.08,3655420.6,3570537.98,2.3,
23LC14-FSS-10-RB03-0403-006,10/3/2024 16:36,0.3,,051SMPL.d,ICPMS2_ISIS_241003_AF.b,D:\Agilent\ICPMH\1\DATA,RScheanwald,ICP-MS,1,1,0.3,Be,beryllium,9,6,0.004,4.3,3810.7,3567.25,3583.95,3967.43,3934.09,4000.77,5.7,ug/sample
23LC14-FSS-10-RB03-0403-006,10/3/2024 16:36,0.3,,051SMPL.d,ICPMS2_ISIS_241003_AF.b,D:\Agilent\ICPMH\1\DATA,RScheanwald,ICP-MS,1,1,0.3,Sc,scandium,45,,,,13226672.52,13185815.04,13014795.27,13339971.69,13243133.92,13349646.68,1,
23LC14-FSS-10-RB03-0403-006,10/3/2024 16:36,0.3,,051SMPL.d,ICPMS2_ISIS_241003_AF.b,D:\Agilent\ICPMH\1\DATA,RScheanwald,ICP-MS,1,1,0.3,Tb,terbium,159,,,,5132736.24,5060507.8,5120499.2,5199976.94,5184543.48,5098153.76,1.1,
23LC14-FSS-10-RB03-0403-006,10/3/2024 16:36,0.3,,051SMPL.d,ICPMS2_ISIS_241003_AF.b,D:\Agilent\ICPMH\1\DATA,RScheanwald,ICP-MS,1,1,0.3,Pb,lead,208,,0.0074,5.3,31810.3,31266,33135.08,33368.87,31966.83,29314.72,5.1,ug/sample
23LC14-FSS-10-RB03-0403-006,10/3/2024 16:36,0.3,,051SMPL.d,ICPMS2_ISIS_241003_AF.b,D:\Agilent\ICPMH\1\DATA,RScheanwald,ICP-MS,1,1,0.3,Bi,bismuth,209,,,,4114559.03,4084788.24,4136841.11,4153464.16,4102439.94,4095261.68,0.7,
23LC14-FSS-10-RB03-0403-006D,10/3/2024 16:36,0.3,,051SMPL.d,ICPMS2_ISIS_241003_AF.b,D:\Agilent\ICPMH\1\DATA,RScheanwald,ICP-MS,1,1,0.3,Li,lithium,6,,,,3579468.65,3454754.5,3566846.1,3649784.08,3655420.6,3570537.98,2.3,
23LC14-FSS-10-RB03-0403-006D,10/3/2024 16:36,0.3,,051SMPL.d,ICPMS2_ISIS_241003_AF.b,D:\Agilent\ICPMH\1\DATA,RScheanwald,ICP-MS,1,1,0.3,Be,beryllium,9,6,0.004,4.3,3810.7,3567.25,3583.95,3967.43,3934.09,4000.77,5.7,ug/sample
23LC14-FSS-10-RB03-0403-006D,10/3/2024 16:36,0.3,,051SMPL.d,ICPMS2_ISIS_241003_AF.b,D:\Agilent\ICPMH\1\DATA,RScheanwald,ICP-MS,1,1,0.3,Sc,scandium,45,,,,13226672.52,13185815.04,13014795.27,13339971.69,13243133.92,13349646.68,1,
23LC14-FSS-10-RB03-0403-006D,10/3/2024 16:36,0.3,,051SMPL.d,ICPMS2_ISIS_241003_AF.b,D:\Agilent\ICPMH\1\DATA,RScheanwald,ICP-MS,1,1,0.3,Tb,terbium,159,,,,5132736.24,5060507.8,5120499.2,5199976.94,5184543.48,5098153.76,1.1,
23LC14-FSS-10-RB03-0403-006D,10/3/2024 16:36,0.3,,051SMPL.d,ICPMS2_ISIS_241003_AF.b,D:\Agilent\ICPMH\1\DATA,RScheanwald,ICP-MS,1,1,0.3,Pb,lead,208,,0.0074,5.3,31810.3,31266,33135.08,33368.87,31966.83,29314.72,5.1,ug/sample
23LC14-FSS-10-RB03-0403-006D,10/3/2024 16:36,0.3,,051SMPL.d,ICPMS2_ISIS_241003_AF.b,D:\Agilent\ICPMH\1\DATA,RScheanwald,ICP-MS,1,1,0.3,Bi,bismuth,209,,,,4114559.03,4084788.24,4136841.11,4153464.16,4102439.94,4095261.68,0.7,
23LC14-FSS-10-RB03-0403-007,10/3/2024 16:36,0.3,,051SMPL.d,ICPMS2_ISIS_241003_AF.b,D:\Agilent\ICPMH\1\DATA,RScheanwald,ICP-MS,1,1,0.3,Li,lithium,6,,,,3579468.65,3454754.5,3566846.1,3649784.08,3655420.6,3570537.98,2.3,
23LC14-FSS-10-RB03-0403-007,10/3/2024 16:36,0.3,,051SMPL.d,ICPMS2_ISIS_241003_AF.b,D:\Agilent\ICPMH\1\DATA,RScheanwald,ICP-MS,1,1,0.3,Be,beryllium,9,6,0.004,4.3,3810.7,3567.25,3583.95,3967.43,3934.09,4000.77,5.7,ug/sample
23LC14-FSS-10-RB03-0403-007,10/3/2024 16:36,0.3,,051SMPL.d,ICPMS2_ISIS_241003_AF.b,D:\Agilent\ICPMH\1\DATA,RScheanwald,ICP-MS,1,1,0.3,Sc,scandium,45,,,,13226672.52,13185815.04,13014795.27,13339971.69,13243133.92,13349646.68,1,
23LC14-FSS-10-RB03-0403-007,10/3/2024 16:36,0.3,,051SMPL.d,ICPMS2_ISIS_241003_AF.b,D:\Agilent\ICPMH\1\DATA,RScheanwald,ICP-MS,1,1,0.3,Tb,terbium,159,,,,5132736.24,5060507.8,5120499.2,5199976.94,5184543.48,5098153.76,1.1,
23LC14-FSS-10-RB03-0403-007,10/3/2024 16:36,0.3,,051SMPL.d,ICPMS2_ISIS_241003_AF.b,D:\Agilent\ICPMH\1\DATA,RScheanwald,ICP-MS,1,1,0.3,Pb,lead,208,,0.0074,5.3,31810.3,31266,33135.08,33368.87,31966.83,29314.72,5.1,ug/sample
23LC14-FSS-10-RB03-0403-007,10/3/2024 16:36,0.3,,051SMPL.d,ICPMS2_ISIS_241003_AF.b,D:\Agilent\ICPMH\1\DATA,RScheanwald,ICP-MS,1,1,0.3,Bi,bismuth,209,,,,4114559.03,4084788.24,4136841.11,4153464.16,4102439.94,4095261.68,0.7,
23LC14-FSS-10-RB03-0403-008,10/3/2024 16:36,0.3,,051SMPL.d,ICPMS2_ISIS_241003_AF.b,D:\Agilent\ICPMH\1\DATA,RScheanwald,ICP-MS,1,1,0.3,Li,lithium,6,,,,3579468.65,3454754.5,3566846.1,3649784.08,3655420.6,3570537.98,2.3,
23LC14-FSS-10-RB03-0403-008,10/3/2024 16:36,0.3,,051SMPL.d,ICPMS2_ISIS_241003_AF.b,D:\Agilent\ICPMH\1\DATA,RScheanwald,ICP-MS,1,1,0.3,Be,beryllium,9,6,0.004,4.3,3810.7,3567.25,3583.95,3967.43,3934.09,4000.77,5.7,ug/sample
23LC14-FSS-10-RB03-0403-008,10/3/2024 16:36,0.3,,051SMPL.d,ICPMS2_ISIS_241003_AF.b,D:\Agilent\ICPMH\1\DATA,RScheanwald,ICP-MS,1,1,0.3,Sc,scandium,45,,,,13226672.52,13185815.04,13014795.27,13339971.69,13243133.92,13349646.68,1,
23LC14-FSS-10-RB03-0403-008,10/3/2024 16:36,0.3,,051SMPL.d,ICPMS2_ISIS_241003_AF.b,D:\Agilent\ICPMH\1\DATA,RScheanwald,ICP-MS,1,1,0.3,Tb,terbium,159,,,,5132736.24,5060507.8,5120499.2,5199976.94,5184543.48,5098153.76,1.1,
23LC14-FSS-10-RB03-0403-008,10/3/2024 16:36,0.3,,051SMPL.d,ICPMS2_ISIS_241003_AF.b,D:\Agilent\ICPMH\1\DATA,RScheanwald,ICP-MS,1,1,0.3,Pb,lead,208,,0.0074,5.3,31810.3,31266,33135.08,33368.87,31966.83,29314.72,5.1,ug/sample
23LC14-FSS-10-RB03-0403-008,10/3/2024 16:36,0.3,,051SMPL.d,ICPMS2_ISIS_241003_AF.b,D:\Agilent\ICPMH\1\DATA,RScheanwald,ICP-MS,1,1,0.3,Bi,bismuth,209,,,,4114559.03,4084788.24,4136841.11,4153464.16,4102439.94,4095261.68,0.7,
23LC14-FSS-10-RB03-0403-009,10/3/2024 16:36,0.3,,051SMPL.d,ICPMS2_ISIS_241003_AF.b,D:\Agilent\ICPMH\1\DATA,RScheanwald,ICP-MS,1,1,0.3,Li,lithium,6,,,,3579468.65,3454754.5,3566846.1,3649784.08,3655420.6,3570537.98,2.3,
23LC14-FSS-10-RB03-0403-009,10/3/2024 16:36,0.3,,051SMPL.d,ICPMS2_ISIS_241003_AF.b,D:\Agilent\ICPMH\1\DATA,RScheanwald,ICP-MS,1,1,0.3,Be,beryllium,9,6,0.004,4.3,3810.7,3567.25,3583.95,3967.43,3934.09,4000.77,5.7,ug/sample
23LC14-FSS-10-RB03-0403-009,10/3/2024 16:36,0.3,,051SMPL.d,ICPMS2_ISIS_241003_AF.b,D:\Agilent\ICPMH\1\DATA,RScheanwald,ICP-MS,1,1,0.3,Sc,scandium,45,,,,13226672.52,13185815.04,13014795.27,13339971.69,13243133.92,13349646.68,1,
23LC14-FSS-10-RB03-0403-009,10/3/2024 16:36,0.3,,051SMPL.d,ICPMS2_ISIS_241003_AF.b,D:\Agilent\ICPMH\1\DATA,RScheanwald,ICP-MS,1,1,0.3,Tb,terbium,159,,,,5132736.24,5060507.8,5120499.2,5199976.94,5184543.48,5098153.76,1.1,
23LC14-FSS-10-RB03-0403-009,10/3/2024 16:36,0.3,,051SMPL.d,ICPMS2_ISIS_241003_AF.b,D:\Agilent\ICPMH\1\DATA,RScheanwald,ICP-MS,1,1,0.3,Pb,lead,208,,0.0074,5.3,31810.3,31266,33135.08,33368.87,31966.83,29314.72,5.1,ug/sample
23LC14-FSS-10-RB03-0403-009,10/3/2024 16:36,0.3,,051SMPL.d,ICPMS2_ISIS_241003_AF.b,D:\Agilent\ICPMH\1\DATA,RScheanwald,ICP-MS,1,1,0.3,Bi,bismuth,209,,,,4114559.03,4084788.24,4136841.11,4153464.16,4102439.94,4095261.68,0.7,
23LC14-FSS-10-RB03-0403-010,10/3/2024 16:36,0.3,,051SMPL.d,ICPMS2_ISIS_241003_AF.b,D:\Agilent\ICPMH\1\DATA,RScheanwald,ICP-MS,1,1,0.3,Li,lithium,6,,,,3579468.65,3454754.5,3566846.1,3649784.08,3655420.6,3570537.98,2.3,
23LC14-FSS-10-RB03-0403-010,10/3/2024 16:36,0.3,,051SMPL.d,ICPMS2_ISIS_241003_AF.b,D:\Agilent\ICPMH\1\DATA,RScheanwald,ICP-MS,1,1,0.3,Be,beryllium,9,6,0.004,4.3,3810.7,3567.25,3583.95,3967.43,3934.09,4000.77,5.7,ug/sample
23LC14-FSS-10-RB03-0403-010,10/3/2024 16:36,0.3,,051SMPL.d,ICPMS2_ISIS_241003_AF.b,D:\Agilent\ICPMH\1\DATA,RScheanwald,ICP-MS,1,1,0.3,Sc,scandium,45,,,,13226672.52,13185815.04,13014795.27,13339971.69,13243133.92,13349646.68,1,
23LC14-FSS-10-RB03-0403-010,10/3/2024 16:36,0.3,,051SMPL.d,ICPMS2_ISIS_241003_AF.b,D:\Agilent\ICPMH\1\DATA,RScheanwald,ICP-MS,1,1,0.3,Tb,terbium,159,,,,5132736.24,5060507.8,5120499.2,5199976.94,5184543.48,5098153.76,1.1,
23LC14-FSS-10-RB03-0403-010,10/3/2024 16:36,0.3,,051SMPL.d,ICPMS2_ISIS_241003_AF.b,D:\Agilent\ICPMH\1\DATA,RScheanwald,ICP-MS,1,1,0.3,Pb,lead,208,,0.0074,5.3,31810.3,31266,33135.08,33368.87,31966.83,29314.72,5.1,ug/sample
23LC14-FSS-10-RB03-0403-010,10/3/2024 16:36,0.3,,051SMPL.d,ICPMS2_ISIS_241003_AF.b,D:\Agilent\ICPMH\1\DATA,RScheanwald,ICP-MS,1,1,0.3,Bi,bismuth,209,,,,4114559.03,4084788.24,4136841.11,4153464.16,4102439.94,4095261.68,0.7,
23LC14-FSS-10-RB03-0403-011,10/3/2024 16:36,0.3,,051SMPL.d,ICPMS2_ISIS_241003_AF.b,D:\Agilent\ICPMH\1\DATA,RScheanwald,ICP-MS,1,1,0.3,Li,lithium,6,,,,3579468.65,3454754.5,3566846.1,3649784.08,3655420.6,3570537.98,2.3,
23LC14-FSS-10-RB03-0403-011,10/3/2024 16:36,0.3,,051SMPL.d,ICPMS2_ISIS_241003_AF.b,D:\Agilent\ICPMH\1\DATA,RScheanwald,ICP-MS,1,1,0.3,Be,beryllium,9,6,0.004,4.3,3810.7,3567.25,3583.95,3967.43,3934.09,4000.77,5.7,ug/sample
23LC14-FSS-10-RB03-0403-011,10/3/2024 16:36,0.3,,051SMPL.d,ICPMS2_ISIS_241003_AF.b,D:\Agilent\ICPMH\1\DATA,RScheanwald,ICP-MS,1,1,0.3,Sc,scandium,45,,,,13226672.52,13185815.04,13014795.27,13339971.69,13243133.92,13349646.68,1,
23LC14-FSS-10-RB03-0403-011,10/3/2024 16:36,0.3,,051SMPL.d,ICPMS2_ISIS_241003_AF.b,D:\Agilent\ICPMH\1\DATA,RScheanwald,ICP-MS,1,1,0.3,Tb,terbium,159,,,,5132736.24,5060507.8,5120499.2,5199976.94,5184543.48,5098153.76,1.1,
23LC14-FSS-10-RB03-0403-011,10/3/2024 16:36,0.3,,051SMPL.d,ICPMS2_ISIS_241003_AF.b,D:\Agilent\ICPMH\1\DATA,RScheanwald,ICP-MS,1,1,0.3,Pb,lead,208,,0.0074,5.3,31810.3,31266,33135.08,33368.87,31966.83,29314.72,5.1,ug/sample
23LC14-FSS-10-RB03-0403-011,10/3/2024 16:36,0.3,,051SMPL.d,ICPMS2_ISIS_241003_AF.b,D:\Agilent\ICPMH\1\DATA,RScheanwald,ICP-MS,1,1,0.3,Bi,bismuth,209,,,,4114559.03,4084788.24,4136841.11,4153464.16,4102439.94,4095261.68,0.7,
23LC14-FSS-10-RB03-0403-B01,10/3/2024 16:36,0.3,,051SMPL.d,ICPMS2_ISIS_241003_AF.b,D:\Agilent\ICPMH\1\DATA,RScheanwald,ICP-MS,1,1,0.3,Li,lithium,6,,,,3579468.65,3454754.5,3566846.1,3649784.08,3655420.6,3570537.98,2.3,
23LC14-FSS-10-RB03-0403-B01,10/3/2024 16:36,0.3,,051SMPL.d,ICPMS2_ISIS_241003_AF.b,D:\Agilent\ICPMH\1\DATA,RScheanwald,ICP-MS,1,1,0.3,Be,beryllium,9,6,0.004,4.3,3810.7,3567.25,3583.95,3967.43,3934.09,4000.77,5.7,ug/sample
23LC14-FSS-10-RB03-0403-B01,10/3/2024 16:36,0.3,,051SMPL.d,ICPMS2_ISIS_241003_AF.b,D:\Agilent\ICPMH\1\DATA,RScheanwald,ICP-MS,1,1,0.3,Sc,scandium,45,,,,13226672.52,13185815.04,13014795.27,13339971.69,13243133.92,13349646.68,1,
23LC14-FSS-10-RB03-0403-B01,10/3/2024 16:36,0.3,,051SMPL.d,ICPMS2_ISIS_241003_AF.b,D:\Agilent\ICPMH\1\DATA,RScheanwald,ICP-MS,1,1,0.3,Tb,terbium,159,,,,5132736.24,5060507.8,5120499.2,5199976.94,5184543.48,5098153.76,1.1,
23LC14-FSS-10-RB03-0403-B01,10/3/2024 16:36,0.3,,051SMPL.d,ICPMS2_ISIS_241003_AF.b,D:\Agilent\ICPMH\1\DATA,RScheanwald,ICP-MS,1,1,0.3,Pb,lead,208,,0.0074,5.3,31810.3,31266,33135.08,33368.87,31966.83,29314.72,5.1,ug/sample
23LC14-FSS-10-RB03-0403-B01,10/3/2024 16:36,0.3,,051SMPL.d,ICPMS2_ISIS_241003_AF.b,D:\Agilent\ICPMH\1\DATA,RScheanwald,ICP-MS,1,1,0.3,Bi,bismuth,209,,,,4114559.03,4084788.24,4136841.11,4153464.16,4102439.94,4095261.68,0.7,
AF_CCV_240930,10/3/2024 16:37,1,,052_CCV.d,ICPMS2_ISIS_241003_AF.b,D:\Agilent\ICPMH\1\DATA,RScheanwald,ICP-MS,1,1,1,Li,lithium,6,,,,3693951.86,3678598.83,3764574.04,3688617.38,3701148.16,3636820.87,1.3,
AF_CCV_240930,10/3/2024 16:37,1,,052_CCV.d,ICPMS2_ISIS_241003_AF.b,D:\Agilent\ICPMH\1\DATA,RScheanwald,ICP-MS,1,1,1,Be,beryllium,9,6,2.2568,1.7,655051.38,636333.07,662203.4,655679.67,662507.62,658533.14,1.7,ug/sample
AF_CCV_240930,10/3/2024 16:37,1,,052_CCV.d,ICPMS2_ISIS_241003_AF.b,D:\Agilent\ICPMH\1\DATA,RScheanwald,ICP-MS,1,1,1,Sc,scandium,45,,,,13546358.82,13607377.84,13893824.9,13247380.98,13390458.11,13592752.27,1.8,
AF_CCV_240930,10/3/2024 16:37,1,,052_CCV.d,ICPMS2_ISIS_241003_AF.b,D:\Agilent\ICPMH\1\DATA,RScheanwald,ICP-MS,1,1,1,Tb,terbium,159,,,,5278598.5,5129153.5,5226791.52,5537770.7,5330450.9,5168825.9,3.1,
AF_CCV_240930,10/3/2024 16:37,1,,052_CCV.d,ICPMS2_ISIS_241003_AF.b,D:\Agilent\ICPMH\1\DATA,RScheanwald,ICP-MS,1,1,1,Pb,lead,208,,2.2842,5.7,2848518.96,2763419.24,2778125.23,3134594.13,2809383.73,2757072.47,5.7,ug/sample
AF_CCV_240930,10/3/2024 16:37,1,,052_CCV.d,ICPMS2_ISIS_241003_AF.b,D:\Agilent\ICPMH\1\DATA,RScheanwald,ICP-MS,1,1,1,Bi,bismuth,209,,,,4253443.72,4165218.32,4280238.51,4356617.42,4287584.34,4177559.99,1.9,
AF_CCB,10/3/2024 16:38,1,,053_CCB.d,ICPMS2_ISIS_241003_AF.b,D:\Agilent\ICPMH\1\DATA,RScheanwald,ICP-MS,1,1,1,Li,lithium,6,,,,3605581.61,3624651.85,3558141.87,3729604.18,3537839.63,3577670.5,2.1,
AF_CCB,10/3/2024 16:38,1,,053_CCB.d,ICPMS2_ISIS_241003_AF.b,D:\Agilent\ICPMH\1\DATA,RScheanwald,ICP-MS,1,1,1,Be,beryllium,9,6,0.0008,17.7,283.35,266.68,333.36,233.35,300.02,283.35,13.2,ug/sample
AF_CCB,10/3/2024 16:38,1,,053_CCB.d,ICPMS2_ISIS_241003_AF.b,D:\Agilent\ICPMH\1\DATA,RScheanwald,ICP-MS,1,1,1,Sc,scandium,45,,,,13112844.13,13229366.4,12846208.57,13339184.03,13118734.21,13030727.46,1.4,
AF_CCB,10/3/2024 16:38,1,,053_CCB.d,ICPMS2_ISIS_241003_AF.b,D:\Agilent\ICPMH\1\DATA,RScheanwald,ICP-MS,1,1,1,Tb,terbium,159,,,,5146344.25,5140307.02,5093306.36,4974023.55,5346547.25,5177537.09,2.6,
AF_CCB,10/3/2024 16:38,1,,053_CCB.d,ICPMS2_ISIS_241003_AF.b,D:\Agilent\ICPMH\1\DATA,RScheanwald,ICP-MS,1,1,1,Pb,lead,208,,0.0009,24.8,1920.17,2333.57,1816.82,1666.79,1766.82,2016.84,13.7,ug/sample
AF_CCB,10/3/2024 16:38,1,,053_CCB.d,ICPMS2_ISIS_241003_AF.b,D:\Agilent\ICPMH\1\DATA,RScheanwald,ICP-MS,1,1,1,Bi,bismuth,209,,,,4171951.63,4129705.04,4113144.49,4144396.84,4280322.49,4192189.29,1.6,
